abab,1.0.4,ISC,Approved,http://en.wikipedia.org/wiki/ISC_license,"",https://github.com/jsdom/abab#readme
abbrev,1.1.1,ISC,Approved,http://en.wikipedia.org/wiki/ISC_license,"",Unknown
absolute-path,0.0.0,MIT,Approved,http://opensource.org/licenses/mit-license,"",https://github.com/filearts/node-absolute-path
accepts,1.2.13,MIT,Approved,http://opensource.org/licenses/mit-license,"",Unknown
accepts,1.3.4,MIT,Approved,http://opensource.org/licenses/mit-license,"",Unknown
acorn,3.3.0,MIT,Approved,http://opensource.org/licenses/mit-license,"",https://github.com/ternjs/acorn
acorn,4.0.13,MIT,Approved,http://opensource.org/licenses/mit-license,"",https://github.com/ternjs/acorn
acorn,5.2.1,MIT,Approved,http://opensource.org/licenses/mit-license,"",https://github.com/ternjs/acorn
acorn-globals,3.1.0,MIT,Approved,http://opensource.org/licenses/mit-license,"",Unknown
acorn-jsx,3.0.1,MIT,Approved,http://opensource.org/licenses/mit-license,"",https://github.com/RReverser/acorn-jsx
agent-base,2.1.1,MIT,Approved,http://opensource.org/licenses/mit-license,"",http://n8.io/
agent-base,4.1.1,MIT,Approved,http://opensource.org/licenses/mit-license,"",http://n8.io/
ajv,4.11.8,MIT,Approved,http://opensource.org/licenses/mit-license,"",https://github.com/epoberezkin/ajv
ajv,5.3.0,MIT,Approved,http://opensource.org/licenses/mit-license,"",https://github.com/epoberezkin/ajv
ajv-keywords,2.1.1,MIT,Approved,http://opensource.org/licenses/mit-license,"",https://github.com/epoberezkin/ajv-keywords#readme
align-text,0.1.4,MIT,Approved,http://opensource.org/licenses/mit-license,"",https://github.com/jonschlinkert/align-text
amdefine,1.0.1,BSD-3-Clause OR MIT,Approved,"","",http://github.com/jrburke/amdefine
ansi,0.3.1,MIT,Approved,http://opensource.org/licenses/mit-license,"",http://tootallnate.net
ansi-escapes,1.4.0,MIT,Approved,http://opensource.org/licenses/mit-license,"",sindresorhus.com
ansi-escapes,3.0.0,MIT,Approved,http://opensource.org/licenses/mit-license,"",sindresorhus.com
ansi-regex,2.1.1,MIT,Approved,http://opensource.org/licenses/mit-license,"",sindresorhus.com
ansi-regex,3.0.0,MIT,Approved,http://opensource.org/licenses/mit-license,"",sindresorhus.com
ansi-styles,2.2.1,MIT,Approved,http://opensource.org/licenses/mit-license,"",sindresorhus.com
ansi-styles,3.2.0,MIT,Approved,http://opensource.org/licenses/mit-license,"",sindresorhus.com
anymatch,1.3.2,ISC,Approved,http://en.wikipedia.org/wiki/ISC_license,"",https://github.com/es128/anymatch
append-transform,0.4.0,MIT,Approved,http://opensource.org/licenses/mit-license,"",github.com/jamestalmage
aproba,1.2.0,ISC,Approved,http://en.wikipedia.org/wiki/ISC_license,"",https://github.com/iarna/aproba
are-we-there-yet,1.1.4,ISC,Approved,http://en.wikipedia.org/wiki/ISC_license,"",https://github.com/iarna/are-we-there-yet
argparse,1.0.9,MIT,Approved,http://opensource.org/licenses/mit-license,"",Unknown
aria-query,0.7.0,Apache 2.0,Approved,http://www.apache.org/licenses/LICENSE-2.0.txt,"",https://github.com/A11yance/aria-query#readme
array-differ,1.0.0,MIT,Approved,http://opensource.org/licenses/mit-license,"",http://sindresorhus.com
array-equal,1.0.0,MIT,Approved,http://opensource.org/licenses/mit-license,"",http://jongleberry.com
array-filter,0.0.1,MIT,Approved,http://opensource.org/licenses/mit-license,"",https://github.com/juliangruber/array-filter
array-includes,3.0.3,MIT,Approved,http://opensource.org/licenses/mit-license,"",http://ljharb.codes
array-map,0.0.0,MIT,Approved,http://opensource.org/licenses/mit-license,"",https://github.com/substack/array-map
array-reduce,0.0.0,MIT,Approved,http://opensource.org/licenses/mit-license,"",https://github.com/substack/array-reduce
array-union,1.0.2,MIT,Approved,http://opensource.org/licenses/mit-license,"",sindresorhus.com
array-uniq,1.0.3,MIT,Approved,http://opensource.org/licenses/mit-license,"",sindresorhus.com
array-unique,0.2.1,MIT,Approved,http://opensource.org/licenses/mit-license,"",https://github.com/jonschlinkert/array-unique
arr-diff,2.0.0,MIT,Approved,http://opensource.org/licenses/mit-license,"",https://github.com/jonschlinkert/arr-diff
arr-flatten,1.1.0,MIT,Approved,http://opensource.org/licenses/mit-license,"",https://github.com/jonschlinkert/arr-flatten
arrify,1.0.1,MIT,Approved,http://opensource.org/licenses/mit-license,"",sindresorhus.com
art,0.10.1,MIT,Approved,http://opensource.org/licenses/mit-license,"",http://sebmarkbage.github.io/art
asap,2.0.6,MIT,Approved,http://opensource.org/licenses/mit-license,"",Unknown
asn1,0.2.3,MIT,Approved,http://opensource.org/licenses/mit-license,"",Unknown
assert-plus,0.2.0,MIT,Approved,http://opensource.org/licenses/mit-license,"",Unknown
assert-plus,1.0.0,MIT,Approved,http://opensource.org/licenses/mit-license,"",Unknown
astral-regex,1.0.0,MIT,Approved,http://opensource.org/licenses/mit-license,"",github.com/kevva
ast-types,0.10.1,MIT,Approved,http://opensource.org/licenses/mit-license,"",http://github.com/benjamn/ast-types
ast-types-flow,0.0.7,ISC,Approved,http://en.wikipedia.org/wiki/ISC_license,"",https://github.com/kyldvs/ast-types-flow#readme
async,1.5.2,MIT,Approved,http://opensource.org/licenses/mit-license,"",Unknown
async,2.6.0,MIT,Approved,http://opensource.org/licenses/mit-license,"",https://caolan.github.io/async/
asynckit,0.4.0,MIT,Approved,http://opensource.org/licenses/mit-license,"",https://github.com/alexindigo/asynckit#readme
aws4,1.6.0,MIT,Approved,http://opensource.org/licenses/mit-license,"",http://github.com/mhart
aws-sign2,0.6.0,Apache 2.0,Approved,http://www.apache.org/licenses/LICENSE-2.0.txt,"",http://www.futurealoof.com
aws-sign2,0.7.0,Apache 2.0,Approved,http://www.apache.org/licenses/LICENSE-2.0.txt,"",http://www.futurealoof.com
axobject-query,0.1.0,Apache 2.0,Approved,http://www.apache.org/licenses/LICENSE-2.0.txt,"",https://github.com/A11yance/axobject-query#readme
babel-code-frame,6.26.0,MIT,Approved,http://opensource.org/licenses/mit-license,"",https://babeljs.io/
babel-core,6.26.0,MIT,Approved,http://opensource.org/licenses/mit-license,"",https://babeljs.io/
babel-generator,6.26.0,MIT,Approved,http://opensource.org/licenses/mit-license,"",https://babeljs.io/
babel-helper-builder-react-jsx,6.26.0,MIT,Approved,http://opensource.org/licenses/mit-license,"",Unknown
babel-helper-call-delegate,6.24.1,MIT,Approved,http://opensource.org/licenses/mit-license,"",Unknown
babel-helper-define-map,6.26.0,MIT,Approved,http://opensource.org/licenses/mit-license,"",Unknown
babel-helper-function-name,6.24.1,MIT,Approved,http://opensource.org/licenses/mit-license,"",Unknown
babel-helper-get-function-arity,6.24.1,MIT,Approved,http://opensource.org/licenses/mit-license,"",Unknown
babel-helper-hoist-variables,6.24.1,MIT,Approved,http://opensource.org/licenses/mit-license,"",Unknown
babel-helper-optimise-call-expression,6.24.1,MIT,Approved,http://opensource.org/licenses/mit-license,"",Unknown
babel-helper-regex,6.26.0,MIT,Approved,http://opensource.org/licenses/mit-license,"",Unknown
babel-helper-remap-async-to-generator,6.24.1,MIT,Approved,http://opensource.org/licenses/mit-license,"",Unknown
babel-helper-replace-supers,6.24.1,MIT,Approved,http://opensource.org/licenses/mit-license,"",Unknown
babel-helpers,6.24.1,MIT,Approved,http://opensource.org/licenses/mit-license,"",https://babeljs.io/
babel-jest,21.2.0,MIT,Approved,http://opensource.org/licenses/mit-license,"",Unknown
babel-messages,6.23.0,MIT,Approved,http://opensource.org/licenses/mit-license,"",https://babeljs.io/
babel-plugin-check-es2015-constants,6.22.0,MIT,Approved,http://opensource.org/licenses/mit-license,"",Unknown
babel-plugin-external-helpers,6.22.0,MIT,Approved,http://opensource.org/licenses/mit-license,"",Unknown
babel-plugin-istanbul,4.1.5,New BSD,Approved,http://opensource.org/licenses/BSD-3-Clause,"",https://github.com/istanbuljs/babel-plugin-istanbul#readme
babel-plugin-jest-hoist,21.2.0,MIT,Approved,http://opensource.org/licenses/mit-license,"",Unknown
babel-plugin-react-transform,3.0.0,MIT,Approved,http://opensource.org/licenses/mit-license,"",https://github.com/gaearon/babel-plugin-react-transform#readme
babel-plugin-syntax-async-functions,6.13.0,MIT,Approved,http://opensource.org/licenses/mit-license,"",Unknown
babel-plugin-syntax-class-properties,6.13.0,MIT,Approved,http://opensource.org/licenses/mit-license,"",Unknown
babel-plugin-syntax-dynamic-import,6.18.0,MIT,Approved,http://opensource.org/licenses/mit-license,"",Unknown
babel-plugin-syntax-flow,6.18.0,MIT,Approved,http://opensource.org/licenses/mit-license,"",Unknown
babel-plugin-syntax-jsx,6.18.0,MIT,Approved,http://opensource.org/licenses/mit-license,"",Unknown
babel-plugin-syntax-object-rest-spread,6.13.0,MIT,Approved,http://opensource.org/licenses/mit-license,"",Unknown
babel-plugin-syntax-trailing-function-commas,6.22.0,MIT,Approved,http://opensource.org/licenses/mit-license,"",Unknown
babel-plugin-transform-async-to-generator,6.16.0,MIT,Approved,http://opensource.org/licenses/mit-license,"",Unknown
babel-plugin-transform-class-properties,6.24.1,MIT,Approved,http://opensource.org/licenses/mit-license,"",Unknown
babel-plugin-transform-define,1.3.0,MIT,Approved,http://opensource.org/licenses/mit-license,"",https://github.com/FormidableLabs/babel-plugin-transform-define
babel-plugin-transform-es2015-arrow-functions,6.22.0,MIT,Approved,http://opensource.org/licenses/mit-license,"",Unknown
babel-plugin-transform-es2015-block-scoped-functions,6.22.0,MIT,Approved,http://opensource.org/licenses/mit-license,"",Unknown
babel-plugin-transform-es2015-block-scoping,6.26.0,MIT,Approved,http://opensource.org/licenses/mit-license,"",Unknown
babel-plugin-transform-es2015-classes,6.24.1,MIT,Approved,http://opensource.org/licenses/mit-license,"",Unknown
babel-plugin-transform-es2015-computed-properties,6.24.1,MIT,Approved,http://opensource.org/licenses/mit-license,"",Unknown
babel-plugin-transform-es2015-destructuring,6.23.0,MIT,Approved,http://opensource.org/licenses/mit-license,"",Unknown
babel-plugin-transform-es2015-for-of,6.23.0,MIT,Approved,http://opensource.org/licenses/mit-license,"",Unknown
babel-plugin-transform-es2015-function-name,6.24.1,MIT,Approved,http://opensource.org/licenses/mit-license,"",Unknown
babel-plugin-transform-es2015-literals,6.22.0,MIT,Approved,http://opensource.org/licenses/mit-license,"",Unknown
babel-plugin-transform-es2015-modules-commonjs,6.26.0,MIT,Approved,http://opensource.org/licenses/mit-license,"",Unknown
babel-plugin-transform-es2015-object-super,6.24.1,MIT,Approved,http://opensource.org/licenses/mit-license,"",Unknown
babel-plugin-transform-es2015-parameters,6.24.1,MIT,Approved,http://opensource.org/licenses/mit-license,"",Unknown
babel-plugin-transform-es2015-shorthand-properties,6.24.1,MIT,Approved,http://opensource.org/licenses/mit-license,"",Unknown
babel-plugin-transform-es2015-spread,6.22.0,MIT,Approved,http://opensource.org/licenses/mit-license,"",Unknown
babel-plugin-transform-es2015-sticky-regex,6.24.1,MIT,Approved,http://opensource.org/licenses/mit-license,"",Unknown
babel-plugin-transform-es2015-template-literals,6.22.0,MIT,Approved,http://opensource.org/licenses/mit-license,"",Unknown
babel-plugin-transform-es2015-unicode-regex,6.24.1,MIT,Approved,http://opensource.org/licenses/mit-license,"",Unknown
babel-plugin-transform-es3-member-expression-literals,6.22.0,MIT,Approved,http://opensource.org/licenses/mit-license,"",Unknown
babel-plugin-transform-es3-property-literals,6.22.0,MIT,Approved,http://opensource.org/licenses/mit-license,"",Unknown
babel-plugin-transform-flow-strip-types,6.22.0,MIT,Approved,http://opensource.org/licenses/mit-license,"",Unknown
babel-plugin-transform-object-assign,6.22.0,MIT,Approved,http://opensource.org/licenses/mit-license,"",Unknown
babel-plugin-transform-object-rest-spread,6.26.0,MIT,Approved,http://opensource.org/licenses/mit-license,"",Unknown
babel-plugin-transform-react-display-name,6.25.0,MIT,Approved,http://opensource.org/licenses/mit-license,"",Unknown
babel-plugin-transform-react-jsx,6.24.1,MIT,Approved,http://opensource.org/licenses/mit-license,"",Unknown
babel-plugin-transform-react-jsx-source,6.22.0,MIT,Approved,http://opensource.org/licenses/mit-license,"",Unknown
babel-plugin-transform-regenerator,6.26.0,MIT,Approved,http://opensource.org/licenses/mit-license,"",https://github.com/babel/babel/tree/master/packages/babel-plugin-transform-regenerator
babel-plugin-transform-strict-mode,6.24.1,MIT,Approved,http://opensource.org/licenses/mit-license,"",Unknown
babel-preset-es2015-node,6.1.1,MIT,Approved,http://opensource.org/licenses/mit-license,"",https://babeljs.io/
babel-preset-fbjs,2.1.4,New BSD,Approved,http://opensource.org/licenses/BSD-3-Clause,"",Unknown
babel-preset-jest,21.2.0,MIT,Approved,http://opensource.org/licenses/mit-license,"",Unknown
babel-preset-react-native,4.0.0,New BSD,Approved,http://opensource.org/licenses/BSD-3-Clause,"",https://github.com/facebook/react-native/tree/master/babel-preset/README.md
babel-register,6.26.0,MIT,Approved,http://opensource.org/licenses/mit-license,"",Unknown
babel-runtime,6.26.0,MIT,Approved,http://opensource.org/licenses/mit-license,"",Unknown
babel-template,6.26.0,MIT,Approved,http://opensource.org/licenses/mit-license,"",https://babeljs.io/
babel-traverse,6.26.0,MIT,Approved,http://opensource.org/licenses/mit-license,"",https://babeljs.io/
babel-types,6.26.0,MIT,Approved,http://opensource.org/licenses/mit-license,"",https://babeljs.io/
babylon,6.18.0,MIT,Approved,http://opensource.org/licenses/mit-license,"",https://babeljs.io/
balanced-match,1.0.0,MIT,Approved,http://opensource.org/licenses/mit-license,"",https://github.com/juliangruber/balanced-match
base-64,0.1.0,MIT,Approved,http://opensource.org/licenses/mit-license,"",http://mths.be/base64
base64-js,0.0.8,MIT,Approved,http://opensource.org/licenses/mit-license,"",Unknown
base64-js,1.1.2,MIT,Approved,http://opensource.org/licenses/mit-license,"",Unknown
base64-js,1.2.1,MIT,Approved,http://opensource.org/licenses/mit-license,"",https://github.com/beatgammit/base64-js
base64-url,1.2.1,ISC,Approved,http://en.wikipedia.org/wiki/ISC_license,"",https://github.com/joaquimserafim/base64-url
basic-auth,1.0.4,MIT,Approved,http://opensource.org/licenses/mit-license,"",Unknown
basic-auth-connect,1.0.0,MIT,Approved,http://opensource.org/licenses/mit-license,"",http://jongleberry.com
batch,0.5.3,MIT,Approved,http://opensource.org/licenses/mit-license,"",Unknown
bcrypt-pbkdf,1.0.1,New BSD,Approved,http://opensource.org/licenses/BSD-3-Clause,"",Unknown
beeper,1.1.1,MIT,Approved,http://opensource.org/licenses/mit-license,"",sindresorhus.com
big-integer,1.6.26,Unlicense,Approved,"","",Unknown
block-stream,0.0.9,ISC,Approved,http://en.wikipedia.org/wiki/ISC_license,"",http://blog.izs.me/
body-parser,1.13.3,MIT,Approved,http://opensource.org/licenses/mit-license,"",Unknown
boolbase,1.0.0,ISC,Approved,http://en.wikipedia.org/wiki/ISC_license,"",https://github.com/fb55/boolbase
boom,2.10.1,New BSD,Approved,http://opensource.org/licenses/BSD-3-Clause,"",Unknown
boom,4.3.1,New BSD,Approved,http://opensource.org/licenses/BSD-3-Clause,"",Unknown
boom,5.2.0,New BSD,Approved,http://opensource.org/licenses/BSD-3-Clause,"",Unknown
bplist-creator,0.0.4,MIT,Approved,http://opensource.org/licenses/mit-license,"",Unknown
bplist-creator,0.0.7,MIT,Approved,http://opensource.org/licenses/mit-license,"",Unknown
bplist-parser,0.0.6,MIT,Approved,http://opensource.org/licenses/mit-license,"",Unknown
bplist-parser,0.1.1,MIT,Approved,http://opensource.org/licenses/mit-license,"",Unknown
brace-expansion,1.1.8,MIT,Approved,http://opensource.org/licenses/mit-license,"",https://github.com/juliangruber/brace-expansion
braces,1.8.5,MIT,Approved,http://opensource.org/licenses/mit-license,"",https://github.com/jonschlinkert/braces
browser-resolve,1.11.2,MIT,Approved,http://opensource.org/licenses/mit-license,"",Unknown
bser,2.0.0,Apache 2.0,Approved,http://www.apache.org/licenses/LICENSE-2.0.txt,"",https://facebook.github.io/watchman/docs/bser.html
buffer-crc32,0.2.13,MIT,Approved,http://opensource.org/licenses/mit-license,"",https://github.com/brianloveswords/buffer-crc32
builtin-modules,1.1.1,MIT,Approved,http://opensource.org/licenses/mit-license,"",sindresorhus.com
bytes,2.1.0,MIT,Approved,http://opensource.org/licenses/mit-license,"",http://tjholowaychuk.com
bytes,2.4.0,MIT,Approved,http://opensource.org/licenses/mit-license,"",http://tjholowaychuk.com
bytes,3.0.0,MIT,Approved,http://opensource.org/licenses/mit-license,"",http://tjholowaychuk.com
caller-path,0.1.0,MIT,Approved,http://opensource.org/licenses/mit-license,"",http://sindresorhus.com
callsites,0.2.0,MIT,Approved,http://opensource.org/licenses/mit-license,"",http://sindresorhus.com
callsites,2.0.0,MIT,Approved,http://opensource.org/licenses/mit-license,"",sindresorhus.com
camelcase,1.2.1,MIT,Approved,http://opensource.org/licenses/mit-license,"",http://sindresorhus.com
camelcase,4.1.0,MIT,Approved,http://opensource.org/licenses/mit-license,"",sindresorhus.com
caseless,0.12.0,Apache 2.0,Approved,http://www.apache.org/licenses/LICENSE-2.0.txt,"",Unknown
center-align,0.1.3,MIT,Approved,http://opensource.org/licenses/mit-license,"",https://github.com/jonschlinkert/center-align
chalk,1.1.3,MIT,Approved,http://opensource.org/licenses/mit-license,"",Unknown
chalk,2.3.0,MIT,Approved,http://opensource.org/licenses/mit-license,"",Unknown
chardet,0.4.0,MIT,Approved,http://opensource.org/licenses/mit-license,"",https://github.com/runk/node-chardet
cheerio,1.0.0-rc.2,MIT,Approved,http://opensource.org/licenses/mit-license,"",mat.io
ci-info,1.1.2,MIT,Approved,http://opensource.org/licenses/mit-license,"",https://github.com/watson/ci-info
circular-json,0.3.3,MIT,Approved,http://opensource.org/licenses/mit-license,"",https://github.com/WebReflection/circular-json
clamp,1.0.1,MIT,Approved,http://opensource.org/licenses/mit-license,"",http://github.com/hughsk
cli-cursor,1.0.2,MIT,Approved,http://opensource.org/licenses/mit-license,"",sindresorhus.com
cli-cursor,2.1.0,MIT,Approved,http://opensource.org/licenses/mit-license,"",sindresorhus.com
cliui,2.1.0,ISC,Approved,http://en.wikipedia.org/wiki/ISC_license,"",Unknown
cliui,3.2.0,ISC,Approved,http://en.wikipedia.org/wiki/ISC_license,"",Unknown
cli-width,2.2.0,ISC,Approved,http://en.wikipedia.org/wiki/ISC_license,"",https://github.com/knownasilya/cli-width
clone,1.0.3,MIT,Approved,http://opensource.org/licenses/mit-license,"",http://paul.vorba.ch/
clone-stats,0.0.1,MIT,Approved,http://opensource.org/licenses/mit-license,"",https://github.com/hughsk/clone-stats
co,4.6.0,MIT,Approved,http://opensource.org/licenses/mit-license,"",Unknown
code-point-at,1.1.0,MIT,Approved,http://opensource.org/licenses/mit-license,"",sindresorhus.com
code-push,1.11.2-beta,MIT,Approved,http://opensource.org/licenses/mit-license,"",https://microsoft.github.io/code-push
color-convert,1.9.1,MIT,Approved,http://opensource.org/licenses/mit-license,"",Unknown
color-name,1.1.3,MIT,Approved,http://opensource.org/licenses/mit-license,"",https://github.com/dfcreative/color-name
colors,0.5.1,MIT,Approved,http://opensource.org/licenses/mit-license,"",Unknown
combined-stream,1.0.5,MIT,Approved,http://opensource.org/licenses/mit-license,"",https://github.com/felixge/node-combined-stream
commander,2.11.0,MIT,Approved,http://opensource.org/licenses/mit-license,"",Unknown
component-emitter,1.2.1,MIT,Approved,http://opensource.org/licenses/mit-license,"",Unknown
compressible,2.0.12,MIT,Approved,http://opensource.org/licenses/mit-license,"",Unknown
compression,1.5.2,MIT,Approved,http://opensource.org/licenses/mit-license,"",Unknown
concat-map,0.0.1,MIT,Approved,http://opensource.org/licenses/mit-license,"",http://substack.net
concat-stream,1.6.0,MIT,Approved,http://opensource.org/licenses/mit-license,"",Unknown
connect,2.30.2,MIT,Approved,http://opensource.org/licenses/mit-license,"",http://tjholowaychuk.com
connect-timeout,1.6.2,MIT,Approved,http://opensource.org/licenses/mit-license,"",Unknown
console-control-strings,1.1.0,ISC,Approved,http://en.wikipedia.org/wiki/ISC_license,"",http://re-becca.org/
contains-path,0.1.0,MIT,Approved,http://opensource.org/licenses/mit-license,"",https://github.com/jonschlinkert/contains-path
content-type,1.0.4,MIT,Approved,http://opensource.org/licenses/mit-license,"",Unknown
content-type-parser,1.0.2,MIT,Approved,http://opensource.org/licenses/mit-license,"",https://domenic.me/
convert-source-map,1.5.0,MIT,Approved,http://opensource.org/licenses/mit-license,"",https://github.com/thlorenz/convert-source-map
cookie,0.1.3,MIT,Approved,http://opensource.org/licenses/mit-license,"",Unknown
cookiejar,2.0.6,MIT,Approved,http://opensource.org/licenses/mit-license,"",Unknown
cookie-parser,1.3.5,MIT,Approved,http://opensource.org/licenses/mit-license,"",http://tjholowaychuk.com
cookie-signature,1.0.6,MIT,Approved,http://opensource.org/licenses/mit-license,"",Unknown
copy-paste,1.3.0,BSD*,Approved,"","",Unknown
core-js,1.2.7,MIT,Approved,http://opensource.org/licenses/mit-license,"",Unknown
core-js,2.5.1,MIT,Approved,http://opensource.org/licenses/mit-license,"",Unknown
core-util-is,1.0.2,MIT,Approved,http://opensource.org/licenses/mit-license,"",http://blog.izs.me/
crc,3.3.0,MIT,Approved,http://opensource.org/licenses/mit-license,"",https://github.com/alexgorbatchev/node-crc
create-react-class,15.6.2,MIT,Approved,http://opensource.org/licenses/mit-license,"",https://facebook.github.io/react/
cross-spawn,5.1.0,MIT,Approved,http://opensource.org/licenses/mit-license,"",http://indigounited.com
cryptiles,2.0.5,New BSD,Approved,http://opensource.org/licenses/BSD-3-Clause,"",Unknown
cryptiles,3.1.2,New BSD,Approved,http://opensource.org/licenses/BSD-3-Clause,"",Unknown
csrf,3.0.6,MIT,Approved,http://opensource.org/licenses/mit-license,"",http://jongleberry.com
cssom,0.3.2,MIT,Approved,http://opensource.org/licenses/mit-license,"",Unknown
css-select,1.2.0,Simplified BSD,Approved,http://opensource.org/licenses/bsd-license,"",Unknown
cssstyle,0.2.37,MIT,Approved,http://opensource.org/licenses/mit-license,"",https://github.com/chad3814/CSSStyleDeclaration
css-what,2.1.0,Simplified BSD,Approved,http://opensource.org/licenses/bsd-license,"",http://feedic.com
csurf,1.8.3,MIT,Approved,http://opensource.org/licenses/mit-license,"",http://jongleberry.com
damerau-levenshtein,1.0.4,Simplified BSD,Approved,http://opensource.org/licenses/bsd-license,"",Unknown
dashdash,1.14.1,MIT,Approved,http://opensource.org/licenses/mit-license,"",http://trentm.com
data-uri-to-buffer,1.2.0,MIT,Approved,http://opensource.org/licenses/mit-license,"",https://github.com/TooTallNate/node-data-uri-to-buffer
dateformat,2.2.0,MIT,Approved,http://opensource.org/licenses/mit-license,"",https://github.com/felixge/node-dateformat
debug,2.2.0,MIT,Approved,http://opensource.org/licenses/mit-license,"",Unknown
debug,2.6.9,MIT,Approved,http://opensource.org/licenses/mit-license,"",Unknown
debug,3.1.0,MIT,Approved,http://opensource.org/licenses/mit-license,"",Unknown
decamelize,1.2.0,MIT,Approved,http://opensource.org/licenses/mit-license,"",sindresorhus.com
deep-extend,0.4.2,MIT,Approved,http://opensource.org/licenses/mit-license,"",https://github.com/unclechu/node-deep-extend
deep-is,0.1.3,MIT,Approved,http://opensource.org/licenses/mit-license,"",http://thlorenz.com
default-require-extensions,1.0.0,MIT,Approved,http://opensource.org/licenses/mit-license,"",github.com/jamestalmage
define-properties,1.1.2,MIT,Approved,http://opensource.org/licenses/mit-license,"",Unknown
degenerator,1.0.4,MIT,Approved,http://opensource.org/licenses/mit-license,"",http://n8.io/
del,2.2.2,MIT,Approved,http://opensource.org/licenses/mit-license,"",sindresorhus.com
delayed-stream,1.0.0,MIT,Approved,http://opensource.org/licenses/mit-license,"",https://github.com/felixge/node-delayed-stream
delegates,1.0.0,MIT,Approved,http://opensource.org/licenses/mit-license,"",Unknown
denodeify,1.2.1,MIT,Approved,http://opensource.org/licenses/mit-license,"",https://github.com/matthew-andrews/denodeify
depd,1.0.1,MIT,Approved,http://opensource.org/licenses/mit-license,"",Unknown
depd,1.1.1,MIT,Approved,http://opensource.org/licenses/mit-license,"",Unknown
destroy,1.0.4,MIT,Approved,http://opensource.org/licenses/mit-license,"",http://jongleberry.com
detect-indent,4.0.0,MIT,Approved,http://opensource.org/licenses/mit-license,"",sindresorhus.com
detect-libc,1.0.2,Apache 2.0,Approved,http://www.apache.org/licenses/LICENSE-2.0.txt,"",Unknown
diff,3.4.0,New BSD,Approved,http://opensource.org/licenses/BSD-3-Clause,"",Unknown
discontinuous-range,1.0.0,MIT,Approved,http://opensource.org/licenses/mit-license,"",https://github.com/dtudury/discontinuous-range
doctrine,1.5.0,Simplified BSD,Approved,http://opensource.org/licenses/bsd-license,"",https://github.com/eslint/doctrine
doctrine,2.0.0,Apache 2.0,Approved,http://www.apache.org/licenses/LICENSE-2.0.txt,"",https://github.com/eslint/doctrine
domelementtype,1.1.3,Simplified BSD,Approved,http://opensource.org/licenses/bsd-license,"",Unknown
domelementtype,1.3.0,Simplified BSD,Approved,http://opensource.org/licenses/bsd-license,"",Unknown
domhandler,2.4.1,Simplified BSD,Approved,http://opensource.org/licenses/bsd-license,"",Unknown
dom-serializer,0.1.0,MIT,Approved,http://opensource.org/licenses/mit-license,"",Unknown
domutils,1.5.1,Simplified BSD,Approved,http://opensource.org/licenses/bsd-license,"",Unknown
domutils,1.6.2,Simplified BSD,Approved,http://opensource.org/licenses/bsd-license,"",Unknown
dom-walk,0.1.1,MIT,Approved,http://opensource.org/licenses/mit-license,"",https://github.com/Raynos/dom-walk
duplexer2,0.0.2,New BSD,Approved,http://opensource.org/licenses/BSD-3-Clause,"",http://www.fknsrs.biz/
ecc-jsbn,0.1.1,MIT,Approved,http://opensource.org/licenses/mit-license,"",https://github.com/quartzjer/ecc-jsbn
ee-first,1.1.1,MIT,Approved,http://opensource.org/licenses/mit-license,"",http://jongleberry.com
emoji-regex,6.5.1,MIT,Approved,http://opensource.org/licenses/mit-license,"",https://mths.be/emoji-regex
encoding,0.1.12,MIT,Approved,http://opensource.org/licenses/mit-license,"",Unknown
entities,1.1.1,Simplified BSD,Approved,http://opensource.org/licenses/bsd-license,"",Unknown
envinfo,3.9.1,MIT,Approved,http://opensource.org/licenses/mit-license,"",Unknown
enzyme,3.2.0,MIT,Approved,http://opensource.org/licenses/mit-license,"",http://airbnb.io/enzyme/
enzyme-adapter-react-16,1.1.0,MIT,Approved,http://opensource.org/licenses/mit-license,"",http://airbnb.io/enzyme/
enzyme-adapter-utils,1.1.1,MIT,Approved,http://opensource.org/licenses/mit-license,"",http://airbnb.io/enzyme/
errno,0.1.4,MIT,Approved,http://opensource.org/licenses/mit-license,"",Unknown
error-ex,1.3.1,MIT,Approved,http://opensource.org/licenses/mit-license,"",Unknown
errorhandler,1.4.3,MIT,Approved,http://opensource.org/licenses/mit-license,"",Unknown
es6-promise,4.1.1,MIT,Approved,http://opensource.org/licenses/mit-license,"",Conversion to ES6 API by Jake Archibald
es6-promisify,5.0.0,MIT,Approved,http://opensource.org/licenses/mit-license,"",Unknown
es-abstract,1.9.0,MIT,Approved,http://opensource.org/licenses/mit-license,"",http://ljharb.codes
escape-html,1.0.2,MIT,Approved,http://opensource.org/licenses/mit-license,"",Unknown
escape-html,1.0.3,MIT,Approved,http://opensource.org/licenses/mit-license,"",Unknown
escape-string-regexp,1.0.5,MIT,Approved,http://opensource.org/licenses/mit-license,"",sindresorhus.com
escodegen,1.9.0,Simplified BSD,Approved,http://opensource.org/licenses/bsd-license,"",http://github.com/estools/escodegen
eslint,4.11.0,MIT,Approved,http://opensource.org/licenses/mit-license,"",https://eslint.org/
eslint-config-airbnb,16.1.0,MIT,Approved,http://opensource.org/licenses/mit-license,"",https://github.com/airbnb/javascript
eslint-config-airbnb-base,12.1.0,MIT,Approved,http://opensource.org/licenses/mit-license,"",https://github.com/airbnb/javascript
eslint-import-resolver-node,0.3.1,MIT,Approved,http://opensource.org/licenses/mit-license,"",https://github.com/benmosher/eslint-plugin-import
eslint-module-utils,2.1.1,MIT,Approved,http://opensource.org/licenses/mit-license,"",https://github.com/benmosher/eslint-plugin-import#readme
eslint-plugin-import,2.8.0,MIT,Approved,http://opensource.org/licenses/mit-license,"",https://github.com/benmosher/eslint-plugin-import
eslint-plugin-jest,21.3.2,MIT,Approved,http://opensource.org/licenses/mit-license,"",jkimbo.com
eslint-plugin-jsx-a11y,6.0.2,MIT,Approved,http://opensource.org/licenses/mit-license,"",Unknown
eslint-plugin-react,7.4.0,MIT,Approved,http://opensource.org/licenses/mit-license,"",https://github.com/yannickcr/eslint-plugin-react
eslint-restricted-globals,0.1.1,MIT,Approved,http://opensource.org/licenses/mit-license,"",Unknown
eslint-scope,3.7.1,Simplified BSD,Approved,http://opensource.org/licenses/bsd-license,"",http://github.com/eslint/eslint-scope
espree,3.5.2,Simplified BSD,Approved,http://opensource.org/licenses/bsd-license,"",https://github.com/eslint/espree
esprima,3.1.3,Simplified BSD,Approved,http://opensource.org/licenses/bsd-license,"",http://esprima.org/
esprima,4.0.0,Simplified BSD,Approved,http://opensource.org/licenses/bsd-license,"",http://esprima.org/
esquery,1.0.0,New BSD,Approved,http://opensource.org/licenses/BSD-3-Clause,"",Unknown
esrecurse,4.2.0,Simplified BSD,Approved,http://opensource.org/licenses/bsd-license,"",https://github.com/estools/esrecurse
es-to-primitive,1.1.1,MIT,Approved,http://opensource.org/licenses/mit-license,"",Unknown
estraverse,4.2.0,Simplified BSD,Approved,http://opensource.org/licenses/bsd-license,"",https://github.com/estools/estraverse
esutils,2.0.2,Simplified BSD,Approved,http://opensource.org/licenses/bsd-license,"",https://github.com/estools/esutils
etag,1.7.0,MIT,Approved,http://opensource.org/licenses/mit-license,"",Unknown
event-target-shim,1.1.1,MIT,Approved,http://opensource.org/licenses/mit-license,"",https://github.com/mysticatea/event-target-shim
execa,0.7.0,MIT,Approved,http://opensource.org/licenses/mit-license,"",sindresorhus.com
exec-sh,0.2.1,MIT,Approved,http://opensource.org/licenses/mit-license,"",Unknown
exit-hook,1.1.1,MIT,Approved,http://opensource.org/licenses/mit-license,"",http://sindresorhus.com
expand-brackets,0.1.5,MIT,Approved,http://opensource.org/licenses/mit-license,"",https://github.com/jonschlinkert/expand-brackets
expand-range,1.8.2,MIT,Approved,http://opensource.org/licenses/mit-license,"",https://github.com/jonschlinkert/expand-range
expect,21.2.1,MIT,Approved,http://opensource.org/licenses/mit-license,"",Unknown
express-session,1.11.3,MIT,Approved,http://opensource.org/licenses/mit-license,"",http://tjholowaychuk.com
extend,3.0.0,MIT,Approved,http://opensource.org/licenses/mit-license,"",http://www.justmoon.net
extend,3.0.1,MIT,Approved,http://opensource.org/licenses/mit-license,"",http://www.justmoon.net
external-editor,1.1.1,MIT,Approved,http://opensource.org/licenses/mit-license,"",https://github.com/mrkmg/node-external-editor#readme
external-editor,2.1.0,MIT,Approved,http://opensource.org/licenses/mit-license,"",https://github.com/mrkmg/node-external-editor#readme
extglob,0.3.2,MIT,Approved,http://opensource.org/licenses/mit-license,"",https://github.com/jonschlinkert/extglob
extsprintf,1.3.0,MIT,Approved,http://opensource.org/licenses/mit-license,"",Unknown
fancy-log,1.3.0,MIT,Approved,http://opensource.org/licenses/mit-license,"",Unknown
fast-deep-equal,1.0.0,MIT,Approved,http://opensource.org/licenses/mit-license,"",https://github.com/epoberezkin/fast-deep-equal#readme
fast-json-stable-stringify,2.0.0,MIT,Approved,http://opensource.org/licenses/mit-license,"",https://github.com/epoberezkin/fast-json-stable-stringify
fast-levenshtein,2.0.6,MIT,Approved,http://opensource.org/licenses/mit-license,"",http://www.hiddentao.com/
fbjs,0.8.16,MIT,Approved,http://opensource.org/licenses/mit-license,"",Unknown
fbjs-scripts,0.8.1,New BSD,Approved,http://opensource.org/licenses/BSD-3-Clause,"",Unknown
fb-watchman,2.0.0,Apache 2.0,Approved,http://www.apache.org/licenses/LICENSE-2.0.txt,"",https://facebook.github.io/watchman/
figures,1.7.0,MIT,Approved,http://opensource.org/licenses/mit-license,"",sindresorhus.com
figures,2.0.0,MIT,Approved,http://opensource.org/licenses/mit-license,"",sindresorhus.com
file-entry-cache,2.0.0,MIT,Approved,http://opensource.org/licenses/mit-license,"",http://royriojas.com
filename-regex,2.0.1,MIT,Approved,http://opensource.org/licenses/mit-license,"",https://github.com/regexhq/filename-regex
fileset,2.0.3,MIT,Approved,http://opensource.org/licenses/mit-license,"",https://github.com/mklabs/node-fileset
file-uri-to-path,1.0.0,MIT,Approved,http://opensource.org/licenses/mit-license,"",https://github.com/TooTallNate/file-uri-to-path
fill-range,2.2.3,MIT,Approved,http://opensource.org/licenses/mit-license,"",https://github.com/jonschlinkert/fill-range
finalhandler,0.4.0,MIT,Approved,http://opensource.org/licenses/mit-license,"",Unknown
find-up,1.1.2,MIT,Approved,http://opensource.org/licenses/mit-license,"",sindresorhus.com
find-up,2.1.0,MIT,Approved,http://opensource.org/licenses/mit-license,"",sindresorhus.com
flat-cache,1.3.0,MIT,Approved,http://opensource.org/licenses/mit-license,"",http://royriojas.com
foreach,2.0.5,MIT,Approved,http://opensource.org/licenses/mit-license,"",Unknown
forever-agent,0.6.1,Apache 2.0,Approved,http://www.apache.org/licenses/LICENSE-2.0.txt,"",http://www.futurealoof.com
for-in,1.0.2,MIT,Approved,http://opensource.org/licenses/mit-license,"",https://github.com/jonschlinkert/for-in
form-data,1.0.0-rc3,MIT,Approved,http://opensource.org/licenses/mit-license,"",http://debuggable.com/
form-data,2.1.4,MIT,Approved,http://opensource.org/licenses/mit-license,"",http://debuggable.com/
form-data,2.3.1,MIT,Approved,http://opensource.org/licenses/mit-license,"",http://debuggable.com/
formidable,1.0.17,MIT,Approved,http://opensource.org/licenses/mit-license,"",https://github.com/felixge/node-formidable
for-own,0.1.5,MIT,Approved,http://opensource.org/licenses/mit-license,"",https://github.com/jonschlinkert/for-own
fresh,0.3.0,MIT,Approved,http://opensource.org/licenses/mit-license,"",http://tjholowaychuk.com
fsevents,1.1.3,MIT,Approved,http://opensource.org/licenses/mit-license,"",""
fs-extra,1.0.0,MIT,Approved,http://opensource.org/licenses/mit-license,"",https://github.com/jprichardson/node-fs-extra
fs.realpath,1.0.0,ISC,Approved,http://en.wikipedia.org/wiki/ISC_license,"",http://blog.izs.me/
fstream,1.0.11,ISC,Approved,http://en.wikipedia.org/wiki/ISC_license,"",http://blog.izs.me/
fstream-ignore,1.0.5,ISC,Approved,http://en.wikipedia.org/wiki/ISC_license,"",http://blog.izs.me/
ftp,0.3.10,MIT,Approved,http://opensource.org/licenses/mit-license,"",Unknown
functional-red-black-tree,1.0.1,MIT,Approved,http://opensource.org/licenses/mit-license,"",Unknown
function-bind,1.1.1,MIT,Approved,http://opensource.org/licenses/mit-license,"",https://github.com/Raynos/function-bind
function.prototype.name,1.0.3,MIT,Approved,http://opensource.org/licenses/mit-license,"",Unknown
gauge,1.2.7,ISC,Approved,http://en.wikipedia.org/wiki/ISC_license,"",https://github.com/iarna/gauge
gauge,2.7.4,ISC,Approved,http://en.wikipedia.org/wiki/ISC_license,"",https://github.com/iarna/gauge
get-caller-file,1.0.2,ISC,Approved,http://en.wikipedia.org/wiki/ISC_license,"",https://github.com/stefanpenner/get-caller-file#readme
getpass,0.1.7,MIT,Approved,http://opensource.org/licenses/mit-license,"",Unknown
get-stream,3.0.0,MIT,Approved,http://opensource.org/licenses/mit-license,"",sindresorhus.com
get-uri,2.0.1,MIT,Approved,http://opensource.org/licenses/mit-license,"",http://n8.io/
glob,5.0.15,ISC,Approved,http://en.wikipedia.org/wiki/ISC_license,"",http://blog.izs.me/
glob,7.0.6,ISC,Approved,http://en.wikipedia.org/wiki/ISC_license,"",http://blog.izs.me/
glob,7.1.2,ISC,Approved,http://en.wikipedia.org/wiki/ISC_license,"",http://blog.izs.me/
global,4.3.2,MIT,Approved,http://opensource.org/licenses/mit-license,"",https://github.com/Raynos/global
globals,9.18.0,MIT,Approved,http://opensource.org/licenses/mit-license,"",http://sindresorhus.com
glob-base,0.3.0,MIT,Approved,http://opensource.org/licenses/mit-license,"",https://github.com/jonschlinkert/glob-base
globby,5.0.0,MIT,Approved,http://opensource.org/licenses/mit-license,"",sindresorhus.com
glob-parent,2.0.0,ISC,Approved,http://en.wikipedia.org/wiki/ISC_license,"",https://github.com/es128/glob-parent
glogg,1.0.0,MIT,Approved,http://opensource.org/licenses/mit-license,"",http://iceddev.com/
graceful-fs,4.1.11,ISC,Approved,http://en.wikipedia.org/wiki/ISC_license,"",Unknown
growly,1.3.0,MIT,Approved,http://opensource.org/licenses/mit-license,"",http://ibrahimalrajhi.com/
gulplog,1.0.0,MIT,Approved,http://opensource.org/licenses/mit-license,"",http://iceddev.com
gulp-util,3.0.8,MIT,Approved,http://opensource.org/licenses/mit-license,"",http://wearefractal.com/
handlebars,4.0.11,MIT,Approved,http://opensource.org/licenses/mit-license,"",http://www.handlebarsjs.com/
har-schema,1.0.5,ISC,Approved,http://en.wikipedia.org/wiki/ISC_license,"",https://github.com/ahmadnassri/har-schema
har-schema,2.0.0,ISC,Approved,http://en.wikipedia.org/wiki/ISC_license,"",https://github.com/ahmadnassri/har-schema
har-validator,4.2.1,ISC,Approved,http://en.wikipedia.org/wiki/ISC_license,"",https://github.com/ahmadnassri/har-validator
har-validator,5.0.3,ISC,Approved,http://en.wikipedia.org/wiki/ISC_license,"",https://github.com/ahmadnassri/har-validator
has,1.0.1,MIT,Approved,http://opensource.org/licenses/mit-license,"",https://github.com/tarruda/has
has-ansi,2.0.0,MIT,Approved,http://opensource.org/licenses/mit-license,"",sindresorhus.com
has-flag,1.0.0,MIT,Approved,http://opensource.org/licenses/mit-license,"",sindresorhus.com
has-flag,2.0.0,MIT,Approved,http://opensource.org/licenses/mit-license,"",sindresorhus.com
has-gulplog,0.1.0,MIT,Approved,http://opensource.org/licenses/mit-license,"",http://iceddev.com
has-unicode,2.0.1,ISC,Approved,http://en.wikipedia.org/wiki/ISC_license,"",https://github.com/iarna/has-unicode
hawk,3.1.3,New BSD,Approved,http://opensource.org/licenses/BSD-3-Clause,"",http://hueniverse.com
hawk,6.0.2,New BSD,Approved,http://opensource.org/licenses/BSD-3-Clause,"",http://hueniverse.com
hoek,2.16.3,New BSD,Approved,http://opensource.org/licenses/BSD-3-Clause,"",Unknown
hoek,4.2.0,New BSD,Approved,http://opensource.org/licenses/BSD-3-Clause,"",Unknown
hoist-non-react-statics,2.3.1,New BSD,Approved,http://opensource.org/licenses/BSD-3-Clause,"",Unknown
home-or-tmp,2.0.0,MIT,Approved,http://opensource.org/licenses/mit-license,"",sindresorhus.com
hosted-git-info,2.5.0,ISC,Approved,http://en.wikipedia.org/wiki/ISC_license,"",https://github.com/npm/hosted-git-info
html-encoding-sniffer,1.0.2,MIT,Approved,http://opensource.org/licenses/mit-license,"",https://domenic.me/
htmlparser2,3.9.2,MIT,Approved,http://opensource.org/licenses/mit-license,"",Unknown
http-errors,1.3.1,MIT,Approved,http://opensource.org/licenses/mit-license,"",http://jongleberry.com
http-errors,1.6.2,MIT,Approved,http://opensource.org/licenses/mit-license,"",http://jongleberry.com
http-proxy-agent,1.0.0,MIT,Approved,http://opensource.org/licenses/mit-license,"",http://n8.io/
http-signature,1.1.1,MIT,Approved,http://opensource.org/licenses/mit-license,"",https://github.com/joyent/node-http-signature/
http-signature,1.2.0,MIT,Approved,http://opensource.org/licenses/mit-license,"",https://github.com/joyent/node-http-signature/
https-proxy-agent,1.0.0,MIT,Approved,http://opensource.org/licenses/mit-license,"",http://n8.io/
iconv-lite,0.4.11,MIT,Approved,http://opensource.org/licenses/mit-license,"",https://github.com/ashtuchkin/iconv-lite
iconv-lite,0.4.13,MIT,Approved,http://opensource.org/licenses/mit-license,"",https://github.com/ashtuchkin/iconv-lite
iconv-lite,0.4.19,MIT,Approved,http://opensource.org/licenses/mit-license,"",https://github.com/ashtuchkin/iconv-lite
ignore,3.3.7,MIT,Approved,http://opensource.org/licenses/mit-license,"",Unknown
image-size,0.6.1,MIT,Approved,http://opensource.org/licenses/mit-license,"",http://netroy.in/
imurmurhash,0.1.4,MIT,Approved,http://opensource.org/licenses/mit-license,"",https://github.com/jensyt/imurmurhash-js
inflight,1.0.6,ISC,Approved,http://en.wikipedia.org/wiki/ISC_license,"",https://github.com/isaacs/inflight
inherits,2.0.3,ISC,Approved,http://en.wikipedia.org/wiki/ISC_license,"",Unknown
ini,1.3.4,ISC,Approved,http://en.wikipedia.org/wiki/ISC_license,"",http://blog.izs.me/
inquirer,1.1.2,MIT,Approved,http://opensource.org/licenses/mit-license,"",Unknown
inquirer,3.3.0,MIT,Approved,http://opensource.org/licenses/mit-license,"",Unknown
invariant,2.2.2,New BSD,Approved,http://opensource.org/licenses/BSD-3-Clause,"",Unknown
invert-kv,1.0.0,MIT,Approved,http://opensource.org/licenses/mit-license,"",http://sindresorhus.com
ip,1.1.5,MIT,Approved,http://opensource.org/licenses/mit-license,"",https://github.com/indutny/node-ip
isarray,0.0.1,MIT,Approved,http://opensource.org/licenses/mit-license,"",https://github.com/juliangruber/isarray
isarray,1.0.0,MIT,Approved,http://opensource.org/licenses/mit-license,"",https://github.com/juliangruber/isarray
is-arrayish,0.2.1,MIT,Approved,http://opensource.org/licenses/mit-license,"",http://github.com/qix-
is-buffer,1.1.6,MIT,Approved,http://opensource.org/licenses/mit-license,"",http://feross.org/
is-builtin-module,1.0.0,MIT,Approved,http://opensource.org/licenses/mit-license,"",sindresorhus.com
is-callable,1.1.3,MIT,Approved,http://opensource.org/licenses/mit-license,"",http://ljharb.codes
is-ci,1.0.10,MIT,Approved,http://opensource.org/licenses/mit-license,"",https://github.com/watson/is-ci
is-date-object,1.0.1,MIT,Approved,http://opensource.org/licenses/mit-license,"",Unknown
is-dotfile,1.0.3,MIT,Approved,http://opensource.org/licenses/mit-license,"",https://github.com/jonschlinkert/is-dotfile
is-equal-shallow,0.1.3,MIT,Approved,http://opensource.org/licenses/mit-license,"",https://github.com/jonschlinkert/is-equal-shallow
isexe,2.0.0,ISC,Approved,http://en.wikipedia.org/wiki/ISC_license,"",https://github.com/isaacs/isexe#readme
is-extendable,0.1.1,MIT,Approved,http://opensource.org/licenses/mit-license,"",https://github.com/jonschlinkert/is-extendable
is-extglob,1.0.0,MIT,Approved,http://opensource.org/licenses/mit-license,"",https://github.com/jonschlinkert/is-extglob
is-finite,1.0.2,MIT,Approved,http://opensource.org/licenses/mit-license,"",sindresorhus.com
is-fullwidth-code-point,1.0.0,MIT,Approved,http://opensource.org/licenses/mit-license,"",sindresorhus.com
is-fullwidth-code-point,2.0.0,MIT,Approved,http://opensource.org/licenses/mit-license,"",sindresorhus.com
is-glob,2.0.1,MIT,Approved,http://opensource.org/licenses/mit-license,"",https://github.com/jonschlinkert/is-glob
is-number,2.1.0,MIT,Approved,http://opensource.org/licenses/mit-license,"",https://github.com/jonschlinkert/is-number
is-number,3.0.0,MIT,Approved,http://opensource.org/licenses/mit-license,"",https://github.com/jonschlinkert/is-number
isobject,2.1.0,MIT,Approved,http://opensource.org/licenses/mit-license,"",https://github.com/jonschlinkert/isobject
isomorphic-fetch,2.2.1,MIT,Approved,http://opensource.org/licenses/mit-license,"",https://github.com/matthew-andrews/isomorphic-fetch/issues
is-path-cwd,1.0.0,MIT,Approved,http://opensource.org/licenses/mit-license,"",http://sindresorhus.com
is-path-in-cwd,1.0.0,MIT,Approved,http://opensource.org/licenses/mit-license,"",http://sindresorhus.com
is-path-inside,1.0.0,MIT,Approved,http://opensource.org/licenses/mit-license,"",http://sindresorhus.com
is-posix-bracket,0.1.1,MIT,Approved,http://opensource.org/licenses/mit-license,"",https://github.com/jonschlinkert/is-posix-bracket
is-primitive,2.0.0,MIT,Approved,http://opensource.org/licenses/mit-license,"",https://github.com/jonschlinkert/is-primitive
is-promise,2.1.0,MIT,Approved,http://opensource.org/licenses/mit-license,"",Unknown
is-regex,1.0.4,MIT,Approved,http://opensource.org/licenses/mit-license,"",https://github.com/ljharb/is-regex
is-resolvable,1.0.0,MIT,Approved,http://opensource.org/licenses/mit-license,"",https://github.com/shinnn
isstream,0.1.2,MIT,Approved,http://opensource.org/licenses/mit-license,"",https://github.com/rvagg/isstream
is-stream,1.1.0,MIT,Approved,http://opensource.org/licenses/mit-license,"",sindresorhus.com
is-subset,0.1.1,MIT,Approved,http://opensource.org/licenses/mit-license,"",Unknown
is-symbol,1.0.1,MIT,Approved,http://opensource.org/licenses/mit-license,"",Unknown
istanbul-api,1.2.1,New BSD,Approved,http://opensource.org/licenses/BSD-3-Clause,"",https://github.com/istanbuljs/istanbuljs#readme
istanbul-lib-coverage,1.1.1,New BSD,Approved,http://opensource.org/licenses/BSD-3-Clause,"",https://github.com/istanbuljs/istanbuljs
istanbul-lib-hook,1.1.0,New BSD,Approved,http://opensource.org/licenses/BSD-3-Clause,"",https://github.com/istanbuljs/istanbuljs#readme
istanbul-lib-instrument,1.9.1,New BSD,Approved,http://opensource.org/licenses/BSD-3-Clause,"",https://github.com/istanbuljs/istanbuljs
istanbul-lib-report,1.1.2,New BSD,Approved,http://opensource.org/licenses/BSD-3-Clause,"",https://github.com/istanbuljs/istanbuljs
istanbul-lib-source-maps,1.2.2,New BSD,Approved,http://opensource.org/licenses/BSD-3-Clause,"",https://github.com/istanbuljs/istanbuljs#readme
istanbul-reports,1.1.3,New BSD,Approved,http://opensource.org/licenses/BSD-3-Clause,"",https://github.com/istanbuljs/istanbuljs
is-typedarray,1.0.0,MIT,Approved,http://opensource.org/licenses/mit-license,"",https://github.com/hughsk/is-typedarray
is-utf8,0.2.1,MIT,Approved,http://opensource.org/licenses/mit-license,"",Unknown
jest,21.2.1,MIT,Approved,http://opensource.org/licenses/mit-license,"",http://facebook.github.io/jest/
jest-changed-files,21.2.0,MIT,Approved,http://opensource.org/licenses/mit-license,"",Unknown
jest-cli,21.2.1,MIT,Approved,http://opensource.org/licenses/mit-license,"",http://facebook.github.io/jest/
jest-config,21.2.1,MIT,Approved,http://opensource.org/licenses/mit-license,"",Unknown
jest-diff,21.2.1,MIT,Approved,http://opensource.org/licenses/mit-license,"",Unknown
jest-docblock,21.2.0,MIT,Approved,http://opensource.org/licenses/mit-license,"",Unknown
jest-environment-jsdom,21.2.1,MIT,Approved,http://opensource.org/licenses/mit-license,"",Unknown
jest-environment-node,21.2.1,MIT,Approved,http://opensource.org/licenses/mit-license,"",Unknown
jest-get-type,21.2.0,MIT,Approved,http://opensource.org/licenses/mit-license,"",Unknown
jest-haste-map,21.2.0,MIT,Approved,http://opensource.org/licenses/mit-license,"",Unknown
jest-jasmine2,21.2.1,MIT,Approved,http://opensource.org/licenses/mit-license,"",Unknown
jest-junit,3.3.0,Apache 2.0,Approved,http://www.apache.org/licenses/LICENSE-2.0.txt,"",Unknown
jest-matcher-utils,21.2.1,MIT,Approved,http://opensource.org/licenses/mit-license,"",Unknown
jest-message-util,21.2.1,MIT,Approved,http://opensource.org/licenses/mit-license,"",Unknown
jest-mock,21.2.0,MIT,Approved,http://opensource.org/licenses/mit-license,"",Unknown
jest-regex-util,21.2.0,MIT,Approved,http://opensource.org/licenses/mit-license,"",Unknown
jest-resolve,21.2.0,MIT,Approved,http://opensource.org/licenses/mit-license,"",Unknown
jest-resolve-dependencies,21.2.0,MIT,Approved,http://opensource.org/licenses/mit-license,"",Unknown
jest-runner,21.2.1,MIT,Approved,http://opensource.org/licenses/mit-license,"",Unknown
jest-runtime,21.2.1,MIT,Approved,http://opensource.org/licenses/mit-license,"",Unknown
jest-snapshot,21.2.1,MIT,Approved,http://opensource.org/licenses/mit-license,"",Unknown
jest-util,21.2.1,MIT,Approved,http://opensource.org/licenses/mit-license,"",Unknown
jest-validate,21.2.1,MIT,Approved,http://opensource.org/licenses/mit-license,"",Unknown
jsbn,0.1.1,MIT,Approved,http://opensource.org/licenses/mit-license,"",Unknown
jsdom,9.12.0,MIT,Approved,http://opensource.org/licenses/mit-license,"",Unknown
jsesc,0.5.0,MIT,Approved,http://opensource.org/licenses/mit-license,"",http://mths.be/jsesc
jsesc,1.3.0,MIT,Approved,http://opensource.org/licenses/mit-license,"",https://mths.be/jsesc
json5,0.4.0,MIT,Approved,http://opensource.org/licenses/mit-license,"",http://json5.org/
json5,0.5.1,MIT,Approved,http://opensource.org/licenses/mit-license,"",http://json5.org/
jsonfile,2.4.0,MIT,Approved,http://opensource.org/licenses/mit-license,"",Unknown
jsonify,0.0.0,Public Domain,Approved,"","",http://crockford.com/
json-schema,0.2.3,BSD*,Approved,"","",Unknown
json-schema-traverse,0.3.1,MIT,Approved,http://opensource.org/licenses/mit-license,"",https://github.com/epoberezkin/json-schema-traverse#readme
json-stable-stringify,1.0.1,MIT,Approved,http://opensource.org/licenses/mit-license,"",https://github.com/substack/json-stable-stringify
json-stable-stringify-without-jsonify,1.0.1,MIT,Approved,http://opensource.org/licenses/mit-license,"",https://github.com/samn/json-stable-stringify
json-stringify-safe,5.0.1,ISC,Approved,http://en.wikipedia.org/wiki/ISC_license,"",https://github.com/isaacs/json-stringify-safe
jsprim,1.4.1,MIT,Approved,http://opensource.org/licenses/mit-license,"",Unknown
js-tokens,3.0.2,MIT,Approved,http://opensource.org/licenses/mit-license,"",Unknown
jsx-ast-utils,1.4.1,MIT,Approved,http://opensource.org/licenses/mit-license,"",Unknown
jsx-ast-utils,2.0.1,MIT,Approved,http://opensource.org/licenses/mit-license,"",Unknown
js-yaml,3.10.0,MIT,Approved,http://opensource.org/licenses/mit-license,"",https://github.com/nodeca/js-yaml
kind-of,3.2.2,MIT,Approved,http://opensource.org/licenses/mit-license,"",https://github.com/jonschlinkert/kind-of
kind-of,4.0.0,MIT,Approved,http://opensource.org/licenses/mit-license,"",https://github.com/jonschlinkert/kind-of
klaw,1.3.1,MIT,Approved,http://opensource.org/licenses/mit-license,"",https://github.com/jprichardson/node-klaw#readme
lazy-cache,1.0.4,MIT,Approved,http://opensource.org/licenses/mit-license,"",https://github.com/jonschlinkert/lazy-cache
lcid,1.0.0,MIT,Approved,http://opensource.org/licenses/mit-license,"",sindresorhus.com
left-pad,1.2.0,WTFPL,Approved,"","",Unknown
leven,2.1.0,MIT,Approved,http://opensource.org/licenses/mit-license,"",sindresorhus.com
levn,0.3.0,MIT,Approved,http://opensource.org/licenses/mit-license,"",https://github.com/gkz/levn
load-json-file,1.1.0,MIT,Approved,http://opensource.org/licenses/mit-license,"",sindresorhus.com
load-json-file,2.0.0,MIT,Approved,http://opensource.org/licenses/mit-license,"",sindresorhus.com
locate-path,2.0.0,MIT,Approved,http://opensource.org/licenses/mit-license,"",sindresorhus.com
lodash,3.10.1,MIT,Approved,http://opensource.org/licenses/mit-license,"",https://lodash.com/
lodash,4.17.4,MIT,Approved,http://opensource.org/licenses/mit-license,"",https://lodash.com/
lodash._basecopy,3.0.1,MIT,Approved,http://opensource.org/licenses/mit-license,"",https://lodash.com/
lodash._basetostring,3.0.1,MIT,Approved,http://opensource.org/licenses/mit-license,"",https://lodash.com/
lodash._basevalues,3.0.0,MIT,Approved,http://opensource.org/licenses/mit-license,"",https://lodash.com/
lodash.cond,4.5.2,MIT,Approved,http://opensource.org/licenses/mit-license,"",https://lodash.com/
lodash.escape,3.2.0,MIT,Approved,http://opensource.org/licenses/mit-license,"",https://lodash.com/
lodash.flattendeep,4.4.0,MIT,Approved,http://opensource.org/licenses/mit-license,"",https://lodash.com/
lodash._getnative,3.9.1,MIT,Approved,http://opensource.org/licenses/mit-license,"",https://lodash.com/
lodash.isarguments,3.1.0,MIT,Approved,http://opensource.org/licenses/mit-license,"",https://lodash.com/
lodash.isarray,3.0.4,MIT,Approved,http://opensource.org/licenses/mit-license,"",https://lodash.com/
lodash._isiterateecall,3.0.9,MIT,Approved,http://opensource.org/licenses/mit-license,"",https://lodash.com/
lodash.keys,3.1.2,MIT,Approved,http://opensource.org/licenses/mit-license,"",https://lodash.com/
lodash.pad,4.5.1,MIT,Approved,http://opensource.org/licenses/mit-license,"",https://lodash.com/
lodash.padend,4.6.1,MIT,Approved,http://opensource.org/licenses/mit-license,"",https://lodash.com/
lodash.padstart,4.6.1,MIT,Approved,http://opensource.org/licenses/mit-license,"",https://lodash.com/
lodash._reescape,3.0.0,MIT,Approved,http://opensource.org/licenses/mit-license,"",https://lodash.com/
lodash._reevaluate,3.0.0,MIT,Approved,http://opensource.org/licenses/mit-license,"",https://lodash.com/
lodash._reinterpolate,3.0.0,MIT,Approved,http://opensource.org/licenses/mit-license,"",https://lodash.com/
lodash.restparam,3.6.1,MIT,Approved,http://opensource.org/licenses/mit-license,"",https://lodash.com/
lodash._root,3.0.1,MIT,Approved,http://opensource.org/licenses/mit-license,"",https://lodash.com/
lodash.template,3.6.2,MIT,Approved,http://opensource.org/licenses/mit-license,"",https://lodash.com/
lodash.templatesettings,3.1.1,MIT,Approved,http://opensource.org/licenses/mit-license,"",https://lodash.com/
longest,1.0.1,MIT,Approved,http://opensource.org/licenses/mit-license,"",https://github.com/jonschlinkert/longest
loose-envify,1.3.1,MIT,Approved,http://opensource.org/licenses/mit-license,"",https://github.com/zertosh/loose-envify
lru-cache,2.6.5,ISC,Approved,http://en.wikipedia.org/wiki/ISC_license,"",Unknown
lru-cache,4.1.1,ISC,Approved,http://en.wikipedia.org/wiki/ISC_license,"",Unknown
macos-release,1.1.0,MIT,Approved,http://opensource.org/licenses/mit-license,"",sindresorhus.com
makeerror,1.0.11,New BSD,Approved,http://opensource.org/licenses/BSD-3-Clause,"",Unknown
media-typer,0.3.0,MIT,Approved,http://opensource.org/licenses/mit-license,"",Unknown
mem,1.1.0,MIT,Approved,http://opensource.org/licenses/mit-license,"",sindresorhus.com
merge,1.2.0,MIT,Approved,http://opensource.org/licenses/mit-license,"",https://github.com/yeikos/js.merge
merge-stream,1.0.1,MIT,Approved,http://opensource.org/licenses/mit-license,"",Unknown
method-override,2.3.10,MIT,Approved,http://opensource.org/licenses/mit-license,"",Unknown
methods,1.1.2,MIT,Approved,http://opensource.org/licenses/mit-license,"",Unknown
metro-bundler,0.20.3,BSD 3-Clause,Approved,"","",Unknown
micromatch,2.3.11,MIT,Approved,http://opensource.org/licenses/mit-license,"",https://github.com/jonschlinkert/micromatch
mime,1.3.4,MIT,Approved,http://opensource.org/licenses/mit-license,"",http://github.com/broofa
mime,1.4.1,MIT,Approved,http://opensource.org/licenses/mit-license,"",http://github.com/broofa
mime-db,1.23.0,MIT,Approved,http://opensource.org/licenses/mit-license,"",Unknown
mime-db,1.30.0,MIT,Approved,http://opensource.org/licenses/mit-license,"",Unknown
mime-db,1.31.0,MIT,Approved,http://opensource.org/licenses/mit-license,"",Unknown
mime-types,2.1.11,MIT,Approved,http://opensource.org/licenses/mit-license,"",Unknown
mime-types,2.1.17,MIT,Approved,http://opensource.org/licenses/mit-license,"",Unknown
mimic-fn,1.1.0,MIT,Approved,http://opensource.org/licenses/mit-license,"",sindresorhus.com
min-document,2.19.0,MIT,Approved,http://opensource.org/licenses/mit-license,"",https://github.com/Raynos/min-document
minimatch,3.0.4,ISC,Approved,http://en.wikipedia.org/wiki/ISC_license,"",http://blog.izs.me
minimist,0.0.10,MIT,Approved,http://opensource.org/licenses/mit-license,"",https://github.com/substack/minimist
minimist,0.0.8,MIT,Approved,http://opensource.org/licenses/mit-license,"",https://github.com/substack/minimist
minimist,1.2.0,MIT,Approved,http://opensource.org/licenses/mit-license,"",https://github.com/substack/minimist
mkdirp,0.5.1,MIT,Approved,http://opensource.org/licenses/mit-license,"",http://substack.net
morgan,1.6.1,MIT,Approved,http://opensource.org/licenses/mit-license,"",Unknown
ms,0.7.1,MIT,Approved,http://opensource.org/licenses/mit-license,"",Unknown
ms,0.7.2,MIT,Approved,http://opensource.org/licenses/mit-license,"",Unknown
ms,2.0.0,MIT,Approved,http://opensource.org/licenses/mit-license,"",Unknown
multiparty,3.3.2,MIT,Approved,http://opensource.org/licenses/mit-license,"",Unknown
multipipe,0.1.2,MIT,Approved,http://opensource.org/licenses/mit-license,"",Unknown
mute-stream,0.0.6,ISC,Approved,http://en.wikipedia.org/wiki/ISC_license,"",http://blog.izs.me/
mute-stream,0.0.7,ISC,Approved,http://en.wikipedia.org/wiki/ISC_license,"",http://blog.izs.me/
nan,2.8.0,MIT,Approved,http://opensource.org/licenses/mit-license,"",Unknown
natural-compare,1.4.0,MIT,Approved,http://opensource.org/licenses/mit-license,"",https://github.com/litejs/natural-compare-lite
nearley,2.11.0,MIT,Approved,http://opensource.org/licenses/mit-license,"",Unknown
negotiator,0.5.3,MIT,Approved,http://opensource.org/licenses/mit-license,"",Unknown
negotiator,0.6.1,MIT,Approved,http://opensource.org/licenses/mit-license,"",Unknown
netmask,1.0.6,MIT,Approved,http://opensource.org/licenses/mit-license,"",https://github.com/rs/node-netmask
node-fetch,1.7.3,MIT,Approved,http://opensource.org/licenses/mit-license,"",https://github.com/bitinn/node-fetch
node-int64,0.4.0,MIT,Approved,http://opensource.org/licenses/mit-license,"",Unknown
node-notifier,5.1.2,MIT,Approved,http://opensource.org/licenses/mit-license,"",https://github.com/mikaelbr/node-notifier#readme
node-pre-gyp,0.6.39,New BSD,Approved,http://opensource.org/licenses/BSD-3-Clause,"",Unknown
nomnom,1.6.2,MIT,Approved,http://opensource.org/licenses/mit-license,"",Unknown
nopt,4.0.1,ISC,Approved,http://en.wikipedia.org/wiki/ISC_license,"",http://blog.izs.me/
normalize-package-data,2.4.0,Simplified BSD,Approved,http://opensource.org/licenses/bsd-license,"",Unknown
normalize-path,2.1.1,MIT,Approved,http://opensource.org/licenses/mit-license,"",https://github.com/jonschlinkert/normalize-path
npmlog,2.0.4,ISC,Approved,http://en.wikipedia.org/wiki/ISC_license,"",http://blog.izs.me/
npmlog,4.1.2,ISC,Approved,http://en.wikipedia.org/wiki/ISC_license,"",http://blog.izs.me/
npm-run-path,2.0.2,MIT,Approved,http://opensource.org/licenses/mit-license,"",sindresorhus.com
nth-check,1.0.1,BSD,Approved,http://en.wikipedia.org/wiki/BSD_licenses#4-clause_license_.28original_.22BSD_License.22.29,"",https://github.com/fb55/nth-check
number-is-nan,1.0.1,MIT,Approved,http://opensource.org/licenses/mit-license,"",sindresorhus.com
nwmatcher,1.4.3,MIT,Approved,http://opensource.org/licenses/mit-license,"",http://javascript.nwbox.com/NWMatcher/
oauth-sign,0.8.2,Apache 2.0,Approved,http://www.apache.org/licenses/LICENSE-2.0.txt,"",http://www.futurealoof.com
object-assign,3.0.0,MIT,Approved,http://opensource.org/licenses/mit-license,"",http://sindresorhus.com
object.assign,4.0.4,MIT,Approved,http://opensource.org/licenses/mit-license,"",Unknown
object-assign,4.1.1,MIT,Approved,http://opensource.org/licenses/mit-license,"",sindresorhus.com
object.entries,1.0.4,MIT,Approved,http://opensource.org/licenses/mit-license,"",Unknown
object-is,1.0.1,MIT,Approved,http://opensource.org/licenses/mit-license,"",https://github.com/ljharb/object-is
object-keys,1.0.11,MIT,Approved,http://opensource.org/licenses/mit-license,"",http://ljharb.codes
object.omit,2.0.1,MIT,Approved,http://opensource.org/licenses/mit-license,"",https://github.com/jonschlinkert/object.omit
object.values,1.0.4,MIT,Approved,http://opensource.org/licenses/mit-license,"",Unknown
once,1.4.0,ISC,Approved,http://en.wikipedia.org/wiki/ISC_license,"",http://blog.izs.me/
onetime,1.1.0,MIT,Approved,http://opensource.org/licenses/mit-license,"",sindresorhus.com
onetime,2.0.1,MIT,Approved,http://opensource.org/licenses/mit-license,"",sindresorhus.com
on-finished,2.3.0,MIT,Approved,http://opensource.org/licenses/mit-license,"",Unknown
on-headers,1.0.1,MIT,Approved,http://opensource.org/licenses/mit-license,"",Unknown
opn,3.0.3,MIT,Approved,http://opensource.org/licenses/mit-license,"",sindresorhus.com
optimist,0.6.1,MIT,Approved,http://opensource.org/licenses/mit-license,"",http://substack.net
optionator,0.8.2,MIT,Approved,http://opensource.org/licenses/mit-license,"",https://github.com/gkz/optionator
options,0.0.6,MIT,Approved,http://opensource.org/licenses/mit-license,"",http://2x.io
osenv,0.1.4,ISC,Approved,http://en.wikipedia.org/wiki/ISC_license,"",http://blog.izs.me/
os-homedir,1.0.2,MIT,Approved,http://opensource.org/licenses/mit-license,"",sindresorhus.com
os-locale,2.1.0,MIT,Approved,http://opensource.org/licenses/mit-license,"",sindresorhus.com
os-name,2.0.1,MIT,Approved,http://opensource.org/licenses/mit-license,"",sindresorhus.com
os-shim,0.1.3,MIT,Approved,http://opensource.org/licenses/mit-license,"",http://github.com/h2non/node-os-shim
os-tmpdir,1.0.2,MIT,Approved,http://opensource.org/licenses/mit-license,"",sindresorhus.com
pac-proxy-agent,2.0.0,MIT,Approved,http://opensource.org/licenses/mit-license,"",https://github.com/TooTallNate/node-pac-proxy-agent
pac-resolver,3.0.0,MIT,Approved,http://opensource.org/licenses/mit-license,"",http://n8.io/
parse5,1.5.1,MIT,Approved,http://opensource.org/licenses/mit-license,"",http://inikulin.github.io/parse5/
parse5,3.0.3,MIT,Approved,http://opensource.org/licenses/mit-license,"",https://github.com/inikulin/parse5
parse-glob,3.0.4,MIT,Approved,http://opensource.org/licenses/mit-license,"",https://github.com/jonschlinkert/parse-glob
parse-json,2.2.0,MIT,Approved,http://opensource.org/licenses/mit-license,"",sindresorhus.com
parseurl,1.3.2,MIT,Approved,http://opensource.org/licenses/mit-license,"",Unknown
path-exists,2.1.0,MIT,Approved,http://opensource.org/licenses/mit-license,"",sindresorhus.com
path-exists,3.0.0,MIT,Approved,http://opensource.org/licenses/mit-license,"",sindresorhus.com
path-is-absolute,1.0.1,MIT,Approved,http://opensource.org/licenses/mit-license,"",sindresorhus.com
path-is-inside,1.0.2,(WTFPL OR MIT),Approved,"","",https://domenic.me
path-key,2.0.1,MIT,Approved,http://opensource.org/licenses/mit-license,"",sindresorhus.com
path-parse,1.0.5,MIT,Approved,http://opensource.org/licenses/mit-license,"",https://github.com/jbgutierrez/path-parse#readme
path-to-regexp,1.7.0,MIT,Approved,http://opensource.org/licenses/mit-license,"",Unknown
path-type,1.1.0,MIT,Approved,http://opensource.org/licenses/mit-license,"",sindresorhus.com
path-type,2.0.0,MIT,Approved,http://opensource.org/licenses/mit-license,"",sindresorhus.com
pause,0.1.0,MIT,Approved,http://opensource.org/licenses/mit-license,"",Unknown
p-cancelable,0.3.0,MIT,Approved,http://opensource.org/licenses/mit-license,"",sindresorhus.com
pegjs,0.10.0,MIT,Approved,http://opensource.org/licenses/mit-license,"",http://pegjs.org/
pegjs,0.9.0,MIT,Approved,http://opensource.org/licenses/mit-license,"",http://pegjs.org/
performance-now,0.2.0,MIT,Approved,http://opensource.org/licenses/mit-license,"",https://github.com/meryn/performance-now
performance-now,2.1.0,MIT,Approved,http://opensource.org/licenses/mit-license,"",https://github.com/braveg1rl/performance-now
p-finally,1.0.0,MIT,Approved,http://opensource.org/licenses/mit-license,"",sindresorhus.com
pify,2.3.0,MIT,Approved,http://opensource.org/licenses/mit-license,"",sindresorhus.com
pify,3.0.0,MIT,Approved,http://opensource.org/licenses/mit-license,"",sindresorhus.com
pinkie,2.0.4,MIT,Approved,http://opensource.org/licenses/mit-license,"",github.com/floatdrop
pinkie-promise,2.0.1,MIT,Approved,http://opensource.org/licenses/mit-license,"",github.com/floatdrop
pkg-dir,1.0.0,MIT,Approved,http://opensource.org/licenses/mit-license,"",sindresorhus.com
p-limit,1.1.0,MIT,Approved,http://opensource.org/licenses/mit-license,"",sindresorhus.com
plist,1.2.0,MIT,Approved,http://opensource.org/licenses/mit-license,"",Unknown
plist,2.0.1,MIT,Approved,http://opensource.org/licenses/mit-license,"",Unknown
p-locate,2.0.0,MIT,Approved,http://opensource.org/licenses/mit-license,"",sindresorhus.com
pluralize,7.0.0,MIT,Approved,http://opensource.org/licenses/mit-license,"",http://blakeembrey.me
prelude-ls,1.1.2,MIT,Approved,http://opensource.org/licenses/mit-license,"",http://preludels.com/
preserve,0.2.0,MIT,Approved,http://opensource.org/licenses/mit-license,"",https://github.com/jonschlinkert/preserve
pretty-format,21.2.1,MIT,Approved,http://opensource.org/licenses/mit-license,"",Unknown
pretty-format,4.3.1,MIT,Approved,http://opensource.org/licenses/mit-license,"",https://github.com/thejameskle/pretty-format
private,0.1.8,MIT,Approved,http://opensource.org/licenses/mit-license,"",http://github.com/benjamn/private
process,0.5.2,MIT,Approved,http://opensource.org/licenses/mit-license,"",Unknown
process-nextick-args,1.0.7,MIT,Approved,http://opensource.org/licenses/mit-license,"",https://github.com/calvinmetcalf/process-nextick-args
progress,2.0.0,MIT,Approved,http://opensource.org/licenses/mit-license,"",Unknown
promise,7.3.1,MIT,Approved,http://opensource.org/licenses/mit-license,"",Unknown
prop-types,15.6.0,MIT,Approved,http://opensource.org/licenses/mit-license,"",https://facebook.github.io/react/
proxy-agent,2.1.0,MIT,Approved,http://opensource.org/licenses/mit-license,"",https://github.com/TooTallNate/node-proxy-agent
prr,0.0.0,MIT,Approved,http://opensource.org/licenses/mit-license,"",https://github.com/rvagg/prr
pseudomap,1.0.2,ISC,Approved,http://en.wikipedia.org/wiki/ISC_license,"",https://github.com/isaacs/pseudomap#readme
punycode,1.4.1,MIT,Approved,http://opensource.org/licenses/mit-license,"",https://mths.be/punycode
q,1.5.1,MIT,Approved,http://opensource.org/licenses/mit-license,"",https://github.com/kriskowal/q
qs,2.3.3,BSD 3-Clause,Approved,"","",https://github.com/hapijs/qs
qs,4.0.0,BSD 3-Clause,Approved,"","",https://github.com/hapijs/qs
qs,6.4.0,BSD 3-Clause,Approved,"","",https://github.com/ljharb/qs
qs,6.5.1,BSD 3-Clause,Approved,"","",https://github.com/ljharb/qs
querystringify,1.0.0,MIT,Approved,http://opensource.org/licenses/mit-license,"",https://github.com/unshiftio/querystringify
raf,3.4.0,MIT,Approved,http://opensource.org/licenses/mit-license,"",Unknown
railroad-diagrams,1.0.0,CC0-1.0,Approved,"","",https://github.com/tabatkins/railroad-diagrams
randexp,0.4.6,MIT,Approved,http://opensource.org/licenses/mit-license,"",http://fent.github.io/randexp.js/
randomatic,1.1.7,MIT,Approved,http://opensource.org/licenses/mit-license,"",https://github.com/jonschlinkert/randomatic
random-bytes,1.0.0,MIT,Approved,http://opensource.org/licenses/mit-license,"",Unknown
range-parser,1.0.3,MIT,Approved,http://opensource.org/licenses/mit-license,"",http://tjholowaychuk.com
raw-body,2.1.7,MIT,Approved,http://opensource.org/licenses/mit-license,"",http://jongleberry.com
raw-body,2.3.2,MIT,Approved,http://opensource.org/licenses/mit-license,"",http://jongleberry.com
rc,1.2.2,(BSD-2-Clause OR MIT OR Apache-2.0),Approved,"","",dominictarr.com
react,16.1.1,MIT,Approved,http://opensource.org/licenses/mit-license,"",https://reactjs.org/
react-clone-referenced-element,1.0.1,MIT,Approved,http://opensource.org/licenses/mit-license,"",https://github.com/ide/react-clone-referenced-element#readme
react-deep-force-update,1.1.1,MIT,Approved,http://opensource.org/licenses/mit-license,"",https://github.com/gaearon/react-deep-force-update
react-devtools-core,2.5.2,New BSD,Approved,http://opensource.org/licenses/BSD-3-Clause,"",Unknown
react-dom,16.1.1,MIT,Approved,http://opensource.org/licenses/mit-license,"",https://reactjs.org/
react-native,0.50.3,New BSD,Approved,http://opensource.org/licenses/BSD-3-Clause,"",Unknown
react-native-code-push,5.1.3-beta,MIT,Approved,http://opensource.org/licenses/mit-license,"",https://microsoft.github.io/code-push
react-native-dismiss-keyboard,1.0.0,MIT,Approved,http://opensource.org/licenses/mit-license,"",https://github.com/DanielMSchmidt
react-native-drawer-layout,1.3.2,MIT,Approved,http://opensource.org/licenses/mit-license,"",https://github.com/brentvatne
react-native-drawer-layout-polyfill,1.3.2,MIT,Approved,http://opensource.org/licenses/mit-license,"",https://github.com/danielmschmidt
react-native-fetch-blob,0.10.8,MIT,Approved,http://opensource.org/licenses/mit-license,"",Unknown
react-native-sensitive-info,5.2.0,MIT,Approved,http://opensource.org/licenses/mit-license,"",https://github.com/mcodex/react-native-sensitive-info
react-native-tab-view,0.0.70,MIT,Approved,http://opensource.org/licenses/mit-license,"",https://github.com/react-native-community/react-native-tab-view#readme
react-native-vector-icons,4.4.2,MIT,Approved,http://opensource.org/licenses/mit-license,"",https://github.com/oblador/react-native-vector-icons
react-native-wkwebview-reborn,1.10.0,MIT,Approved,http://opensource.org/licenses/mit-license,"",https://github.com/CRAlpha/react-native-wkwebview
react-navigation,1.0.0-beta.19,Simplified BSD,Approved,http://opensource.org/licenses/bsd-license,"",Unknown
react-proxy,1.1.8,MIT,Approved,http://opensource.org/licenses/mit-license,"",https://github.com/gaearon/react-proxy
react-test-renderer,16.1.1,MIT,Approved,http://opensource.org/licenses/mit-license,"",https://reactjs.org/
react-timer-mixin,0.13.3,New BSD,Approved,http://opensource.org/licenses/BSD-3-Clause,"",Unknown
react-transform-hmr,1.0.4,MIT,Approved,http://opensource.org/licenses/mit-license,"",https://github.com/gaearon/react-transform-hmr#readme
readable-stream,1.0.27-1,MIT,Approved,http://opensource.org/licenses/mit-license,"",http://blog.izs.me/
readable-stream,1.1.14,MIT,Approved,http://opensource.org/licenses/mit-license,"",http://blog.izs.me/
readable-stream,2.3.3,MIT,Approved,http://opensource.org/licenses/mit-license,"",Unknown
read-pkg,1.1.0,MIT,Approved,http://opensource.org/licenses/mit-license,"",sindresorhus.com
read-pkg,2.0.0,MIT,Approved,http://opensource.org/licenses/mit-license,"",sindresorhus.com
read-pkg-up,1.0.1,MIT,Approved,http://opensource.org/licenses/mit-license,"",sindresorhus.com
read-pkg-up,2.0.0,MIT,Approved,http://opensource.org/licenses/mit-license,"",sindresorhus.com
recursive-fs,0.1.4,MIT,Approved,http://opensource.org/licenses/mit-license,"",http://github.com/simov/recursive-fs
reduce-component,1.0.1,"Apache, Version 2.0",Approved,"","",Unknown
regenerate,1.3.3,MIT,Approved,http://opensource.org/licenses/mit-license,"",https://mths.be/regenerate
regenerator-runtime,0.11.0,MIT,Approved,http://opensource.org/licenses/mit-license,"",Unknown
regenerator-runtime,0.9.6,MIT,Approved,http://opensource.org/licenses/mit-license,"",Unknown
regenerator-transform,0.10.1,BSD,Approved,http://en.wikipedia.org/wiki/BSD_licenses#4-clause_license_.28original_.22BSD_License.22.29,"",Unknown
regex-cache,0.4.4,MIT,Approved,http://opensource.org/licenses/mit-license,"",https://github.com/jonschlinkert/regex-cache
regexpu-core,2.0.0,MIT,Approved,http://opensource.org/licenses/mit-license,"",https://mths.be/regexpu
regjsgen,0.2.0,MIT,Approved,http://opensource.org/licenses/mit-license,"",https://github.com/d10/regjsgen
regjsparser,0.1.5,Simplified BSD,Approved,http://opensource.org/licenses/bsd-license,"",https://github.com/jviereck/regjsparser
remove-trailing-separator,1.1.0,ISC,Approved,http://en.wikipedia.org/wiki/ISC_license,"",https://github.com/darsain/remove-trailing-separator#readme
repeat-element,1.1.2,MIT,Approved,http://opensource.org/licenses/mit-license,"",https://github.com/jonschlinkert/repeat-element
repeating,2.0.1,MIT,Approved,http://opensource.org/licenses/mit-license,"",sindresorhus.com
repeat-string,1.6.1,MIT,Approved,http://opensource.org/licenses/mit-license,"",https://github.com/jonschlinkert/repeat-string
replace-ext,0.0.1,MIT,Approved,http://opensource.org/licenses/mit-license,"",http://github.com/wearefractal/replace-ext
request,2.81.0,Apache 2.0,Approved,http://www.apache.org/licenses/LICENSE-2.0.txt,"",Unknown
request,2.83.0,Apache 2.0,Approved,http://www.apache.org/licenses/LICENSE-2.0.txt,"",Unknown
require-directory,2.1.1,MIT,Approved,http://opensource.org/licenses/mit-license,"",https://github.com/troygoode/node-require-directory/
require-main-filename,1.0.1,ISC,Approved,http://en.wikipedia.org/wiki/ISC_license,"",https://github.com/yargs/require-main-filename#readme
requires-port,1.0.0,MIT,Approved,http://opensource.org/licenses/mit-license,"",https://github.com/unshiftio/requires-port
require-uncached,1.0.3,MIT,Approved,http://opensource.org/licenses/mit-license,"",sindresorhus.com
resolve,1.1.7,MIT,Approved,http://opensource.org/licenses/mit-license,"",http://substack.net
resolve,1.5.0,MIT,Approved,http://opensource.org/licenses/mit-license,"",http://substack.net
resolve-from,1.0.1,MIT,Approved,http://opensource.org/licenses/mit-license,"",sindresorhus.com
response-time,2.3.2,MIT,Approved,http://opensource.org/licenses/mit-license,"",http://jongleberry.com
restore-cursor,1.0.1,MIT,Approved,http://opensource.org/licenses/mit-license,"",http://sindresorhus.com
restore-cursor,2.0.0,MIT,Approved,http://opensource.org/licenses/mit-license,"",sindresorhus.com
ret,0.1.15,MIT,Approved,http://opensource.org/licenses/mit-license,"",https://github.com/fent
right-align,0.1.3,MIT,Approved,http://opensource.org/licenses/mit-license,"",https://github.com/jonschlinkert/right-align
rimraf,2.2.8,MIT,Approved,http://opensource.org/licenses/mit-license,"",http://blog.izs.me/
rimraf,2.6.2,ISC,Approved,http://en.wikipedia.org/wiki/ISC_license,"",http://blog.izs.me/
rndm,1.2.0,MIT,Approved,http://opensource.org/licenses/mit-license,"",http://jongleberry.com
rst-selector-parser,2.2.3,New BSD,Approved,http://opensource.org/licenses/BSD-3-Clause,"",http://gajus.com
run-async,2.3.0,MIT,Approved,http://opensource.org/licenses/mit-license,"",Unknown
rx,4.1.0,Apache 2.0,Approved,http://www.apache.org/licenses/LICENSE-2.0.txt,"",https://github.com/Reactive-Extensions/RxJS
rx-lite,4.0.8,Apache 2.0,Approved,http://www.apache.org/licenses/LICENSE-2.0.txt,"",https://github.com/Reactive-Extensions/RxJS
rx-lite-aggregates,4.0.8,Apache 2.0,Approved,http://www.apache.org/licenses/LICENSE-2.0.txt,"",https://github.com/Reactive-Extensions/RxJS
safe-buffer,5.0.1,MIT,Approved,http://opensource.org/licenses/mit-license,"",https://github.com/feross/safe-buffer
safe-buffer,5.1.1,MIT,Approved,http://opensource.org/licenses/mit-license,"",https://github.com/feross/safe-buffer
sane,2.2.0,MIT,Approved,http://opensource.org/licenses/mit-license,"",https://github.com/amasad/sane
sax,1.1.6,ISC,Approved,http://en.wikipedia.org/wiki/ISC_license,"",http://blog.izs.me/
sax,1.2.4,ISC,Approved,http://en.wikipedia.org/wiki/ISC_license,"",http://blog.izs.me/
semver,5.0.3,ISC,Approved,http://en.wikipedia.org/wiki/ISC_license,"",Unknown
semver,5.4.1,ISC,Approved,http://en.wikipedia.org/wiki/ISC_license,"",Unknown
send,0.13.2,MIT,Approved,http://opensource.org/licenses/mit-license,"",Unknown
serve-favicon,2.3.2,MIT,Approved,http://opensource.org/licenses/mit-license,"",Unknown
serve-index,1.7.3,MIT,Approved,http://opensource.org/licenses/mit-license,"",Unknown
serve-static,1.10.3,MIT,Approved,http://opensource.org/licenses/mit-license,"",Unknown
set-blocking,2.0.0,ISC,Approved,http://en.wikipedia.org/wiki/ISC_license,"",https://github.com/yargs/set-blocking#readme
setimmediate,1.0.5,MIT,Approved,http://opensource.org/licenses/mit-license,"",Unknown
setprototypeof,1.0.3,ISC,Approved,http://en.wikipedia.org/wiki/ISC_license,"",https://github.com/wesleytodd/setprototypeof
shebang-command,1.2.0,MIT,Approved,http://opensource.org/licenses/mit-license,"",github.com/kevva
shebang-regex,1.0.0,MIT,Approved,http://opensource.org/licenses/mit-license,"",sindresorhus.com
shell-quote,1.6.1,MIT,Approved,http://opensource.org/licenses/mit-license,"",http://substack.net
shellwords,0.1.1,MIT,Approved,http://opensource.org/licenses/mit-license,"",https://github.com/jimmycuadra/shellwords
signal-exit,3.0.2,ISC,Approved,http://en.wikipedia.org/wiki/ISC_license,"",https://github.com/tapjs/signal-exit
simple-plist,0.1.4,MIT,Approved,http://opensource.org/licenses/mit-license,"",https://github.com/wollardj/node-simple-plist.git
simple-plist,0.2.1,MIT,Approved,http://opensource.org/licenses/mit-license,"",https://github.com/wollardj/node-simple-plist.git
slash,1.0.0,MIT,Approved,http://opensource.org/licenses/mit-license,"",http://sindresorhus.com
slice-ansi,1.0.0,MIT,Approved,http://opensource.org/licenses/mit-license,"",Unknown
slide,1.1.6,ISC,Approved,http://en.wikipedia.org/wiki/ISC_license,"",http://blog.izs.me/
smart-buffer,1.1.15,MIT,Approved,http://opensource.org/licenses/mit-license,"",https://github.com/JoshGlazebrook/smart-buffer/
sntp,1.0.9,SEE LICENSE IN LICENSE,Approved,"","",http://hueniverse.com
sntp,2.1.0,New BSD,Approved,http://opensource.org/licenses/BSD-3-Clause,"",http://hueniverse.com
socks,1.1.10,MIT,Approved,http://opensource.org/licenses/mit-license,"",https://github.com/JoshGlazebrook/socks
socks-proxy-agent,2.1.1,MIT,Approved,http://opensource.org/licenses/mit-license,"",http://n8.io/
socks-proxy-agent,3.0.1,MIT,Approved,http://opensource.org/licenses/mit-license,"",http://n8.io/
source-map,0.4.4,New BSD,Approved,http://opensource.org/licenses/BSD-3-Clause,"",https://github.com/mozilla/source-map
source-map,0.5.7,New BSD,Approved,http://opensource.org/licenses/BSD-3-Clause,"",https://github.com/mozilla/source-map
source-map,0.6.1,New BSD,Approved,http://opensource.org/licenses/BSD-3-Clause,"",https://github.com/mozilla/source-map
source-map-support,0.4.18,MIT,Approved,http://opensource.org/licenses/mit-license,"",Unknown
sparkles,1.0.0,MIT,Approved,http://opensource.org/licenses/mit-license,"",http://iceddev.com/
spawn-sync,1.0.15,MIT,Approved,http://opensource.org/licenses/mit-license,"",Unknown
spdx-correct,1.0.2,Apache 2.0,Approved,http://www.apache.org/licenses/LICENSE-2.0.txt,"",https://kemitchell.com
spdx-expression-parse,1.0.4,(MIT AND CC-BY-3.0),Approved,"","",http://kemitchell.com
spdx-license-ids,1.2.2,Unlicense,Approved,"","",https://github.com/shinnn
sprintf-js,1.0.3,New BSD,Approved,http://opensource.org/licenses/BSD-3-Clause,"",http://alexei.ro/
sshpk,1.13.1,MIT,Approved,http://opensource.org/licenses/mit-license,"",https://github.com/arekinath/node-sshpk#readme
stacktrace-parser,0.1.4,MIT,Approved,http://opensource.org/licenses/mit-license,"",https://github.com/errwischt/stacktrace-parser
statuses,1.2.1,MIT,Approved,http://opensource.org/licenses/mit-license,"",http://jongleberry.com
statuses,1.4.0,MIT,Approved,http://opensource.org/licenses/mit-license,"",Unknown
stream-buffers,0.2.6,Unlicense*,Approved,"","",Unknown
stream-buffers,2.2.0,Unlicense,Approved,"","",Unknown
stream-counter,0.2.0,BSD,Approved,http://en.wikipedia.org/wiki/BSD_licenses#4-clause_license_.28original_.22BSD_License.22.29,"",Unknown
string_decoder,0.10.31,MIT,Approved,http://opensource.org/licenses/mit-license,"",https://github.com/rvagg/string_decoder
string_decoder,1.0.3,MIT,Approved,http://opensource.org/licenses/mit-license,"",https://github.com/rvagg/string_decoder
string-length,2.0.0,MIT,Approved,http://opensource.org/licenses/mit-license,"",sindresorhus.com
stringstream,0.0.5,MIT,Approved,http://opensource.org/licenses/mit-license,"",http://github.com/mhart
string-width,1.0.2,MIT,Approved,http://opensource.org/licenses/mit-license,"",sindresorhus.com
string-width,2.1.1,MIT,Approved,http://opensource.org/licenses/mit-license,"",sindresorhus.com
strip-ansi,3.0.1,MIT,Approved,http://opensource.org/licenses/mit-license,"",sindresorhus.com
strip-ansi,4.0.0,MIT,Approved,http://opensource.org/licenses/mit-license,"",sindresorhus.com
strip-bom,2.0.0,MIT,Approved,http://opensource.org/licenses/mit-license,"",sindresorhus.com
strip-bom,3.0.0,MIT,Approved,http://opensource.org/licenses/mit-license,"",sindresorhus.com
strip-eof,1.0.0,MIT,Approved,http://opensource.org/licenses/mit-license,"",sindresorhus.com
strip-json-comments,2.0.1,MIT,Approved,http://opensource.org/licenses/mit-license,"",sindresorhus.com
superagent,1.8.5,MIT,Approved,http://opensource.org/licenses/mit-license,"",Unknown
superagent-proxy,1.0.2,MIT,Approved,http://opensource.org/licenses/mit-license,"",http://n8.io/
supports-color,2.0.0,MIT,Approved,http://opensource.org/licenses/mit-license,"",sindresorhus.com
supports-color,3.2.3,MIT,Approved,http://opensource.org/licenses/mit-license,"",sindresorhus.com
supports-color,4.5.0,MIT,Approved,http://opensource.org/licenses/mit-license,"",sindresorhus.com
symbol-tree,3.2.2,MIT,Approved,http://opensource.org/licenses/mit-license,"",https://github.com/jsdom/js-symbol-tree#symbol-tree
sync-exec,0.6.2,MIT,Approved,http://opensource.org/licenses/mit-license,"",https://github.com/gvarsanyi/sync-exec
table,4.0.2,New BSD,Approved,http://opensource.org/licenses/BSD-3-Clause,"",http://gajus.com
tar,2.2.1,ISC,Approved,http://en.wikipedia.org/wiki/ISC_license,"",http://blog.izs.me/
tar-pack,3.4.1,Simplified BSD,Approved,http://opensource.org/licenses/bsd-license,"",Unknown
temp,0.8.3,MIT,Approved,http://opensource.org/licenses/mit-license,"",Unknown
test-exclude,4.1.1,ISC,Approved,http://en.wikipedia.org/wiki/ISC_license,"",https://github.com/istanbuljs/istanbuljs#readme
text-table,0.2.0,MIT,Approved,http://opensource.org/licenses/mit-license,"",https://github.com/substack/text-table
throat,4.1.0,MIT,Approved,http://opensource.org/licenses/mit-license,"",Unknown
through2,2.0.3,MIT,Approved,http://opensource.org/licenses/mit-license,"",https://github.com/rvagg
through,2.3.8,MIT,Approved,http://opensource.org/licenses/mit-license,"",https://github.com/dominictarr/through
thunkify,2.1.2,MIT,Approved,http://opensource.org/licenses/mit-license,"",Unknown
time-stamp,1.1.0,MIT,Approved,http://opensource.org/licenses/mit-license,"",https://github.com/jonschlinkert/time-stamp
tmp,0.0.29,MIT,Approved,http://opensource.org/licenses/mit-license,"",http://github.com/raszi/node-tmp
tmp,0.0.33,MIT,Approved,http://opensource.org/licenses/mit-license,"",http://github.com/raszi/node-tmp
tmpl,1.0.4,New BSD,Approved,http://opensource.org/licenses/BSD-3-Clause,"",https://github.com/nshah/nodejs-tmpl
to-fast-properties,1.0.3,MIT,Approved,http://opensource.org/licenses/mit-license,"",sindresorhus.com
tough-cookie,2.3.3,New BSD,Approved,http://opensource.org/licenses/BSD-3-Clause,"",https://github.com/salesforce/tough-cookie
tr46,0.0.3,MIT,Approved,http://opensource.org/licenses/mit-license,"",https://github.com/Sebmaster/tr46.js#readme
traverse,0.6.6,MIT,Approved,http://opensource.org/licenses/mit-license,"",https://github.com/substack/js-traverse
trim-right,1.0.1,MIT,Approved,http://opensource.org/licenses/mit-license,"",sindresorhus.com
tryit,1.0.3,MIT,Approved,http://opensource.org/licenses/mit-license,"",Unknown
tsscmp,1.0.5,MIT,Approved,http://opensource.org/licenses/mit-license,"",Unknown
tunnel-agent,0.6.0,Apache 2.0,Approved,http://www.apache.org/licenses/LICENSE-2.0.txt,"",http://www.futurealoof.com
tweetnacl,0.14.5,Unlicense,Approved,"","",https://tweetnacl.js.org/
type-check,0.3.2,MIT,Approved,http://opensource.org/licenses/mit-license,"",https://github.com/gkz/type-check
typedarray,0.0.6,MIT,Approved,http://opensource.org/licenses/mit-license,"",https://github.com/substack/typedarray
type-is,1.6.15,MIT,Approved,http://opensource.org/licenses/mit-license,"",Unknown
@types/node,8.0.53,MIT,Approved,http://opensource.org/licenses/mit-license,"",Unknown
ua-parser-js,0.7.17,(GPL-2.0 OR MIT),Approved,"","",http://github.com/faisalman/ua-parser-js
uglify-es,3.1.9,Simplified BSD,Approved,http://opensource.org/licenses/bsd-license,"",https://github.com/mishoo/UglifyJS2/tree/harmony
uglify-js,2.8.29,Simplified BSD,Approved,http://opensource.org/licenses/bsd-license,"",http://lisperator.net/uglifyjs
uglify-to-browserify,1.0.2,MIT,Approved,http://opensource.org/licenses/mit-license,"",Unknown
uid-number,0.0.6,ISC,Approved,http://en.wikipedia.org/wiki/ISC_license,"",http://blog.izs.me/
uid-safe,2.0.0,MIT,Approved,http://opensource.org/licenses/mit-license,"",Unknown
uid-safe,2.1.4,MIT,Approved,http://opensource.org/licenses/mit-license,"",Unknown
ultron,1.0.2,MIT,Approved,http://opensource.org/licenses/mit-license,"",https://github.com/unshiftio/ultron
ultron,1.1.0,MIT,Approved,http://opensource.org/licenses/mit-license,"",https://github.com/unshiftio/ultron
underscore,1.4.4,MIT,Approved,http://opensource.org/licenses/mit-license,"",http://underscorejs.org/
unpipe,1.0.0,MIT,Approved,http://opensource.org/licenses/mit-license,"",Unknown
url-parse,1.2.0,MIT,Approved,http://opensource.org/licenses/mit-license,"",Unknown
util-deprecate,1.0.2,MIT,Approved,http://opensource.org/licenses/mit-license,"",https://github.com/TooTallNate/util-deprecate
utils-merge,1.0.0,MIT,Approved,http://opensource.org/licenses/mit-license,"",http://www.jaredhanson.net/
uuid,3.0.1,MIT,Approved,http://opensource.org/licenses/mit-license,"",Unknown
uuid,3.1.0,MIT,Approved,http://opensource.org/licenses/mit-license,"",Unknown
validate-npm-package-license,3.0.1,Apache 2.0,Approved,http://www.apache.org/licenses/LICENSE-2.0.txt,"",https://kemitchell.com
vary,1.0.1,MIT,Approved,http://opensource.org/licenses/mit-license,"",Unknown
vary,1.1.2,MIT,Approved,http://opensource.org/licenses/mit-license,"",Unknown
verror,1.10.0,MIT,Approved,http://opensource.org/licenses/mit-license,"",Unknown
vhost,3.0.2,MIT,Approved,http://opensource.org/licenses/mit-license,"",Unknown
vinyl,0.5.3,MIT,Approved,http://opensource.org/licenses/mit-license,"",http://github.com/wearefractal/vinyl
walker,1.0.7,Apache 2.0,Approved,http://www.apache.org/licenses/LICENSE-2.0.txt,"",https://github.com/daaku/nodejs-walker
watch,0.18.0,Apache 2.0,Approved,http://www.apache.org/licenses/LICENSE-2.0.txt,"",https://github.com/mikeal/watch
webidl-conversions,3.0.1,Simplified BSD,Approved,http://opensource.org/licenses/bsd-license,"",https://domenic.me/
webidl-conversions,4.0.2,Simplified BSD,Approved,http://opensource.org/licenses/bsd-license,"",https://domenic.me/
whatwg-encoding,1.0.3,MIT,Approved,http://opensource.org/licenses/mit-license,"",https://domenic.me/
whatwg-fetch,1.1.1,MIT,Approved,http://opensource.org/licenses/mit-license,"",Unknown
whatwg-fetch,2.0.3,MIT,Approved,http://opensource.org/licenses/mit-license,"",Unknown
whatwg-url,4.8.0,MIT,Approved,http://opensource.org/licenses/mit-license,"",Unknown
which,1.3.0,ISC,Approved,http://en.wikipedia.org/wiki/ISC_license,"",http://blog.izs.me
which-module,2.0.0,ISC,Approved,http://en.wikipedia.org/wiki/ISC_license,"",https://github.com/nexdrew/which-module#readme
wide-align,1.1.2,ISC,Approved,http://en.wikipedia.org/wiki/ISC_license,"",http://re-becca.org/
window-size,0.1.0,MIT,Approved,http://opensource.org/licenses/mit-license,"",https://github.com/jonschlinkert/window-size
win-release,1.1.1,MIT,Approved,http://opensource.org/licenses/mit-license,"",sindresorhus.com
wordwrap,0.0.2,MIT,Approved,http://opensource.org/licenses/mit-license,"",http://substack.net
wordwrap,0.0.3,MIT,Approved,http://opensource.org/licenses/mit-license,"",http://substack.net
wordwrap,1.0.0,MIT,Approved,http://opensource.org/licenses/mit-license,"",http://substack.net
worker-farm,1.5.2,MIT,Approved,http://opensource.org/licenses/mit-license,"",https://github.com/rvagg/node-worker-farm
wrap-ansi,2.1.0,MIT,Approved,http://opensource.org/licenses/mit-license,"",sindresorhus.com
wrappy,1.0.2,ISC,Approved,http://en.wikipedia.org/wiki/ISC_license,"",https://github.com/npm/wrappy
write,0.2.1,MIT,Approved,http://opensource.org/licenses/mit-license,"",https://github.com/jonschlinkert/write
write-file-atomic,1.3.4,ISC,Approved,http://en.wikipedia.org/wiki/ISC_license,"",https://github.com/iarna/write-file-atomic
write-file-atomic,2.3.0,ISC,Approved,http://en.wikipedia.org/wiki/ISC_license,"",https://github.com/iarna/write-file-atomic
ws,1.1.5,MIT,Approved,http://opensource.org/licenses/mit-license,"",https://github.com/websockets/ws
ws,2.3.1,MIT,Approved,http://opensource.org/licenses/mit-license,"",https://github.com/websockets/ws
xcode,0.9.2,Apache 2.0,Approved,http://www.apache.org/licenses/LICENSE-2.0.txt,"",Unknown
xcode,0.9.3,Apache 2.0,Approved,http://www.apache.org/licenses/LICENSE-2.0.txt,"",Unknown
xml,1.0.1,MIT,Approved,http://opensource.org/licenses/mit-license,"",http://github.com/dylang/node-xml
xmlbuilder,4.0.0,MIT,Approved,http://opensource.org/licenses/mit-license,"",http://github.com/oozcitak/xmlbuilder-js
xmlbuilder,8.2.2,MIT,Approved,http://opensource.org/licenses/mit-license,"",http://github.com/oozcitak/xmlbuilder-js
xmldoc,0.4.0,MIT,Approved,http://opensource.org/licenses/mit-license,"",http://nfarina.com
xmldom,0.1.27,MIT*,Approved,"","",https://github.com/jindw/xmldom
xml-name-validator,2.0.1,WTFPL,Approved,"","",https://domenic.me/
xpipe,1.0.5,MIT,Approved,http://opensource.org/licenses/mit-license,"",https://github.com/nodexo/xpipe#readme
xregexp,2.0.0,MIT,Approved,http://opensource.org/licenses/mit-license,"",http://xregexp.com/
xtend,4.0.1,MIT,Approved,http://opensource.org/licenses/mit-license,"",https://github.com/Raynos/xtend
y18n,3.2.1,ISC,Approved,http://en.wikipedia.org/wiki/ISC_license,"",https://github.com/yargs/y18n
yallist,2.1.2,ISC,Approved,http://en.wikipedia.org/wiki/ISC_license,"",http://blog.izs.me/
yargs,3.10.0,MIT,Approved,http://opensource.org/licenses/mit-license,"",http://CodeTunnel.com
yargs,8.0.2,MIT,Approved,http://opensource.org/licenses/mit-license,"",http://yargs.js.org/
yargs,9.0.1,MIT,Approved,http://opensource.org/licenses/mit-license,"",http://yargs.js.org/
yargs-parser,7.0.0,ISC,Approved,http://en.wikipedia.org/wiki/ISC_license,"",Unknown
yazl,2.4.3,MIT,Approved,http://opensource.org/licenses/mit-license,"",https://github.com/thejoshwolfe/yazl
